Unnamed: 0,book_dow,book_category,book_staff,last_category,last_staff,last_day_services,last_receipt_tot,last_dow,last_tod,last_noshow,last_prod_flag,last_cumrev,last_cumbook,last_cumstyle,last_cumcolor,last_cumprod,last_cumcancel,last_cumnoshow,noshow,recency,book_tod_encoded
4,Saturday,STYLE,KELLY,STYLE,KELLY,1,35.0,Thursday,afternoon,0,0,35,1,1,0,0,0,0,0,9,1
5,Saturday,STYLE,KELLY,STYLE,KELLY,1,55.0,Saturday,evening,0,0,90,2,2,0,0,0,0,0,14,0
6,Saturday,STYLE,KELLY,STYLE,KELLY,1,35.0,Saturday,afternoon,0,0,145,3,3,0,0,0,0,0,14,0
9,Friday,STYLE,BECKY,STYLE,BECKY,1,76.0,Thursday,evening,0,1,30,1,1,0,1,0,0,0,36,0
17,Thursday,STYLE,JJ,STYLE,HOUSE,1,230.0,Thursday,afternoon,0,0,230,1,1,0,0,0,0,0,42,0
25,Friday,STYLE,BECKY,STYLE,BECKY,1,30.0,Saturday,afternoon,0,0,30,1,1,0,0,0,0,0,41,1
26,Sunday,STYLE,BECKY,STYLE,BECKY,1,50.0,Friday,evening,0,0,80,2,2,0,0,0,0,0,44,0
30,Saturday,STYLE,JJ,STYLE,JJ,1,82.0,Friday,morning,0,0,82,1,1,0,0,0,0,0,99,2
32,Wednesday,STYLE,JJ,STYLE,JJ,1,82.0,Tuesday,afternoon,0,0,82,1,1,0,0,0,0,0,64,2
45,Sunday,STYLE,JJ,STYLE,JJ,1,40.0,Saturday,morning,0,0,40,1,1,0,0,0,0,0,29,0
46,Friday,STYLE,JJ,STYLE,JJ,1,30.0,Sunday,afternoon,0,0,70,2,2,0,0,0,0,0,33,1
47,Friday,STYLE,JJ,STYLE,JJ,1,119.6,Friday,evening,0,1,100,3,3,0,1,0,0,0,35,1
54,Friday,STYLE,JJ,STYLE,JJ,1,82.0,Wednesday,evening,0,0,82,1,1,0,0,0,0,0,30,1
55,Saturday,STYLE,KELLY,STYLE,JJ,1,52.0,Friday,evening,0,0,134,2,2,0,0,0,0,0,15,1
56,Friday,STYLE,KELLY,STYLE,KELLY,1,55.0,Saturday,evening,0,0,189,3,3,0,0,0,0,0,13,0
57,Friday,COLOR,JOANNE,STYLE,KELLY,1,55.0,Saturday,evening,0,0,189,3,3,0,0,0,0,0,13,0
58,Wednesday,STYLE,JJ,COLOR,JOANNE,2,202.0,Friday,afternoon,0,1,309,5,4,1,2,0,0,0,26,0
59,Wednesday,COLOR,JOANNE,COLOR,JOANNE,2,202.0,Friday,afternoon,0,1,309,5,4,1,2,0,0,0,26,0
60,Saturday,STYLE,JJ,COLOR,JOANNE,2,137.0,Wednesday,afternoon,0,1,446,7,5,2,4,0,0,0,3,2
74,Wednesday,STYLE,SINEAD,STYLE,SINEAD,1,70.0,Wednesday,morning,0,0,70,1,1,0,0,0,0,0,56,2
78,Saturday,STYLE,BECKY,COLOR,BECKY,2,95.0,Thursday,morning,0,1,95,2,1,1,2,0,0,0,37,2
79,Saturday,COLOR,JOANNE,COLOR,BECKY,2,95.0,Thursday,morning,0,1,95,2,1,1,2,0,0,0,37,2
80,Thursday,STYLE,BECKY,COLOR,JOANNE,2,120.0,Saturday,morning,0,1,215,4,2,2,4,0,0,0,33,0
81,Thursday,COLOR,JOANNE,COLOR,JOANNE,2,120.0,Saturday,morning,0,1,215,4,2,2,4,0,0,0,33,0
88,Friday,STYLE,JJ,STYLE,JJ,1,70.73,Friday,afternoon,0,1,40,1,1,0,1,0,0,0,84,0
90,Thursday,STYLE,JJ,STYLE,JJ,1,40.0,Tuesday,morning,0,0,40,1,1,0,0,0,0,0,51,1
93,Thursday,STYLE,JJ,STYLE,JJ,1,119.8,Friday,evening,0,1,82,1,1,0,1,0,0,0,41,1
97,Wednesday,COLOR,KELLY,STYLE,KELLY,1,55.0,Wednesday,afternoon,0,0,55,1,1,0,0,0,0,0,14,0
99,Thursday,COLOR,JOANNE,COLOR,JOANNE,1,65.0,Thursday,evening,0,0,65,1,0,1,0,0,0,0,35,2
100,Wednesday,COLOR,JOANNE,COLOR,JOANNE,1,70.0,Thursday,morning,0,0,135,2,0,2,0,0,0,0,27,0
103,Saturday,COLOR,JOANNE,COLOR,JOANNE,2,282.0,Saturday,morning,0,1,282,2,1,1,2,0,0,1,28,2
108,Wednesday,STYLE,JJ,COLOR,JOANNE,2,182.0,Wednesday,morning,0,1,182,2,1,1,2,0,0,0,14,0
109,Saturday,STYLE,JJ,STYLE,JJ,1,52.0,Wednesday,afternoon,0,0,234,3,2,1,2,0,0,0,45,0
111,Tuesday,STYLE,JJ,STYLE,JJ,1,40.0,Wednesday,morning,0,0,40,1,1,0,0,0,0,0,34,0
112,Saturday,STYLE,JJ,STYLE,JJ,1,60.0,Tuesday,afternoon,0,0,100,2,2,0,0,0,0,0,32,2
113,Wednesday,STYLE,JJ,STYLE,JJ,1,110.4,Saturday,morning,0,1,160,3,3,0,1,0,0,0,32,2
124,Tuesday,MISC,BECKY,COLOR,JOANNE,2,0.0,Tuesday,morning,1,0,0,2,1,1,0,0,2,0,49,0
130,Friday,COLOR,JOANNE,COLOR,JOANNE,1,120.0,Thursday,evening,0,0,120,1,0,1,0,0,0,0,29,0
136,Wednesday,STYLE,JJ,STYLE,JJ,1,40.0,Tuesday,evening,0,0,40,1,1,0,0,0,0,0,29,1
140,Tuesday,STYLE,SINEAD,STYLE,SINEAD,1,70.0,Tuesday,afternoon,0,0,70,1,1,0,0,0,0,0,35,1
141,Wednesday,STYLE,SINEAD,STYLE,SINEAD,1,154.25,Tuesday,evening,0,1,160,2,2,0,1,0,0,0,22,0
142,Tuesday,STYLE,BECKY,STYLE,SINEAD,1,90.0,Wednesday,afternoon,0,0,250,3,3,0,1,0,0,0,48,0
146,Sunday,STYLE,BECKY,STYLE,SINEAD,1,35.0,Saturday,morning,0,0,35,1,1,0,0,0,0,0,43,2
147,Saturday,STYLE,BECKY,STYLE,BECKY,1,50.0,Sunday,morning,0,0,85,2,2,0,0,0,0,0,41,2
150,Friday,STYLE,JJ,STYLE,JJ,1,82.0,Tuesday,afternoon,0,0,82,1,1,0,0,0,0,0,94,2
152,Tuesday,STYLE,JJ,STYLE,JJ,1,82.0,Thursday,morning,0,0,82,1,1,0,0,0,0,0,54,0
155,Wednesday,MISC,SINEAD,COLOR,SINEAD,2,115.0,Wednesday,afternoon,0,1,115,2,1,1,2,0,0,0,35,2
156,Friday,STYLE,BECKY,MISC,SINEAD,1,0.0,Wednesday,morning,0,0,115,3,1,1,2,0,0,0,37,0
158,Saturday,STYLE,SINEAD,STYLE,SINEAD,1,35.0,Thursday,evening,0,0,35,1,1,0,0,0,0,0,23,0
159,Friday,STYLE,BECKY,STYLE,SINEAD,1,35.0,Saturday,afternoon,0,0,70,2,2,0,0,0,0,0,20,2
160,Thursday,STYLE,BECKY,STYLE,BECKY,1,50.0,Friday,morning,0,0,120,3,3,0,0,0,0,0,20,1
161,Thursday,STYLE,BECKY,STYLE,BECKY,1,50.0,Thursday,evening,0,0,170,4,4,0,0,0,0,0,21,2
165,Thursday,STYLE,JJ,STYLE,JJ,1,82.0,Tuesday,afternoon,0,0,82,1,1,0,0,0,0,0,37,2
166,Sunday,STYLE,JJ,STYLE,JJ,1,102.0,Thursday,morning,0,0,184,2,2,0,0,0,0,0,38,0
167,Saturday,STYLE,JJ,STYLE,JJ,1,125.4,Sunday,afternoon,0,1,286,3,3,0,1,0,0,0,20,0
170,Thursday,STYLE,SINEAD,STYLE,SINEAD,1,35.0,Thursday,evening,0,0,35,1,1,0,0,0,0,0,28,1
171,Wednesday,STYLE,SINEAD,STYLE,SINEAD,1,55.0,Thursday,evening,0,0,90,2,2,0,0,0,0,0,27,1
173,Tuesday,STYLE,JJ,STYLE,JJ,1,82.0,Tuesday,afternoon,0,0,82,1,1,0,0,0,0,0,42,2
174,Tuesday,STYLE,JJ,STYLE,JJ,1,102.0,Tuesday,morning,0,0,184,2,2,0,0,0,0,0,49,2
176,Thursday,STYLE,JJ,STYLE,JJ,1,82.0,Thursday,morning,0,0,82,1,1,0,0,0,0,0,63,0
178,Tuesday,STYLE,BECKY,STYLE,SINEAD,1,70.0,Wednesday,afternoon,0,0,70,1,1,0,0,0,0,0,55,2
179,Thursday,COLOR,JOANNE,STYLE,BECKY,1,80.0,Tuesday,morning,0,0,150,2,2,0,0,0,0,0,2,0
182,Thursday,STYLE,KELLY,COLOR,JOANNE,2,170.0,Saturday,morning,0,1,170,2,1,1,2,0,0,0,33,0
183,Thursday,COLOR,JOANNE,COLOR,JOANNE,2,170.0,Saturday,morning,0,1,170,2,1,1,2,0,0,0,33,2
184,Thursday,STYLE,KELLY,COLOR,JOANNE,2,195.0,Thursday,morning,0,1,365,4,2,2,4,0,0,0,35,0
185,Thursday,COLOR,JOANNE,COLOR,JOANNE,2,195.0,Thursday,morning,0,1,365,4,2,2,4,0,0,0,35,2
187,Tuesday,STYLE,HOUSE,STYLE,BECKY,1,60.0,Friday,morning,0,0,60,1,1,0,0,0,0,0,11,0
188,Thursday,STYLE,BECKY,STYLE,HOUSE,1,230.0,Tuesday,afternoon,0,0,290,2,2,0,0,0,0,1,9,0
189,Tuesday,STYLE,BECKY,STYLE,BECKY,1,0.0,Thursday,afternoon,1,0,340,3,3,0,0,0,1,1,5,0
190,Thursday,STYLE,BECKY,STYLE,BECKY,1,0.0,Tuesday,afternoon,1,0,390,4,4,0,0,0,2,1,9,1
191,Tuesday,STYLE,BECKY,STYLE,BECKY,1,0.0,Thursday,evening,1,0,440,5,5,0,0,0,3,1,5,1
192,Saturday,STYLE,BECKY,STYLE,BECKY,1,0.0,Tuesday,evening,1,0,490,6,6,0,0,0,4,1,11,0
193,Wednesday,STYLE,HOUSE,STYLE,BECKY,1,0.0,Saturday,afternoon,1,0,540,7,7,0,0,0,5,0,4,0
197,Saturday,STYLE,BECKY,STYLE,BECKY,1,0.0,Tuesday,morning,1,0,840,11,11,0,0,2,7,1,11,0
204,Tuesday,STYLE,BECKY,STYLE,BECKY,1,30.0,Friday,evening,0,0,30,1,1,0,0,0,0,0,39,1
205,Tuesday,STYLE,BECKY,STYLE,BECKY,1,50.0,Tuesday,evening,0,0,80,2,2,0,0,0,0,0,35,1
212,Saturday,STYLE,SINEAD,STYLE,SINEAD,1,83.8,Thursday,evening,0,1,90,3,3,0,1,1,0,0,23,0
213,Friday,STYLE,BECKY,STYLE,SINEAD,1,55.0,Saturday,afternoon,0,0,145,4,4,0,1,1,0,0,20,1
214,Tuesday,STYLE,BECKY,STYLE,BECKY,1,50.0,Friday,evening,0,0,195,5,5,0,1,1,0,0,18,1
222,Thursday,STYLE,KELLY,COLOR,JOANNE,2,210.0,Thursday,afternoon,0,1,210,2,1,1,2,0,0,0,35,0
223,Thursday,COLOR,JOANNE,COLOR,JOANNE,2,210.0,Thursday,afternoon,0,1,210,2,1,1,2,0,0,0,35,2
226,Thursday,STYLE,JJ,COLOR,JOANNE,2,95.0,Tuesday,evening,0,1,95,2,1,1,2,0,0,0,37,1
227,Saturday,STYLE,JJ,STYLE,JJ,1,60.0,Thursday,evening,0,0,155,3,2,1,2,0,0,0,37,0
228,Saturday,COLOR,JOANNE,STYLE,JJ,1,60.0,Thursday,evening,0,0,155,3,2,1,2,0,0,0,37,0
230,Wednesday,STYLE,JJ,STYLE,JJ,1,82.0,Tuesday,evening,0,0,82,1,1,0,0,0,0,0,50,1
231,Thursday,STYLE,JJ,STYLE,JJ,1,102.0,Wednesday,evening,0,0,184,2,2,0,0,0,0,0,57,1
232,Thursday,COLOR,JOANNE,STYLE,JJ,1,102.0,Wednesday,evening,0,0,184,2,2,0,0,0,0,0,57,1
237,Friday,STYLE,BECKY,STYLE,BECKY,1,30.0,Friday,afternoon,0,0,30,1,1,0,0,0,0,0,21,2
243,Friday,STYLE,JJ,COLOR,JJ,2,85.0,Wednesday,evening,0,1,85,2,1,1,2,0,0,0,37,1
247,Friday,STYLE,JJ,COLOR,JJ,2,105.0,Saturday,morning,0,1,250,6,3,3,4,1,1,0,34,0
252,Friday,STYLE,BECKY,MISC,BECKY,1,59.4,Tuesday,evening,0,1,60,3,1,0,1,1,1,0,52,0
254,Friday,MISC,JJ,STYLE,JJ,1,82.0,Thursday,evening,0,0,82,1,1,0,0,0,0,0,1,1
257,Friday,STYLE,KELLY,COLOR,KELLY,2,75.0,Friday,morning,0,1,75,2,1,1,2,0,0,0,21,1
258,Wednesday,COLOR,KELLY,STYLE,KELLY,1,35.0,Friday,evening,0,0,110,3,2,1,2,0,0,1,5,1
268,Thursday,MISC,JJ,STYLE,JJ,1,82.0,Wednesday,afternoon,0,0,82,1,1,0,0,0,0,0,29,1
269,Saturday,MISC,JJ,MISC,JJ,1,0.0,Thursday,evening,0,0,82,2,1,0,0,0,0,0,23,2
270,Tuesday,STYLE,JJ,MISC,JJ,1,0.0,Saturday,morning,0,0,82,3,1,0,0,0,0,0,24,1
271,Saturday,MISC,JJ,STYLE,JJ,1,102.0,Tuesday,evening,0,0,184,4,2,0,0,0,0,0,32,2
275,Saturday,COLOR,JOANNE,COLOR,KELLY,2,210.75,Saturday,afternoon,0,1,140,2,1,1,2,0,0,0,28,0
276,Thursday,STYLE,JJ,COLOR,JOANNE,1,70.0,Saturday,afternoon,0,0,210,3,1,2,2,0,0,0,40,1
277,Thursday,COLOR,JOANNE,COLOR,JOANNE,1,70.0,Saturday,afternoon,0,0,210,3,1,2,2,0,0,0,40,1
278,Thursday,STYLE,JOANNE,COLOR,JOANNE,1,70.0,Saturday,afternoon,0,0,210,3,1,2,2,0,0,0,40,1
279,Thursday,STYLE,KELLY,STYLE,JOANNE,3,172.73,Thursday,evening,0,1,352,6,3,3,5,0,0,0,42,1
280,Thursday,COLOR,JOANNE,STYLE,JOANNE,3,172.73,Thursday,evening,0,1,352,6,3,3,5,0,0,0,42,1
281,Thursday,STYLE,JOANNE,STYLE,JOANNE,3,172.73,Thursday,evening,0,1,352,6,3,3,5,0,0,0,42,1
289,Friday,STYLE,JJ,STYLE,JJ,1,82.0,Friday,morning,0,0,82,1,1,0,0,0,0,0,42,2
290,Friday,STYLE,JJ,STYLE,JJ,1,102.0,Friday,morning,0,0,184,2,2,0,0,0,0,1,49,0
294,Friday,STYLE,BECKY,STYLE,BECKY,1,60.0,Tuesday,afternoon,0,0,60,1,1,0,0,0,0,0,52,2
295,Friday,STYLE,BECKY,STYLE,BECKY,1,80.0,Friday,morning,0,0,140,2,2,0,0,0,0,0,21,2
305,Thursday,STYLE,SINEAD,STYLE,SINEAD,1,70.0,Saturday,morning,0,0,70,1,1,0,0,0,0,0,26,0
306,Friday,STYLE,HOUSE,STYLE,SINEAD,1,81.05,Thursday,afternoon,0,1,120,2,2,0,1,0,0,0,57,1
308,Wednesday,STYLE,TANYA,STYLE,JJ,1,32.0,Wednesday,evening,0,0,32,1,1,0,0,0,0,0,35,1
309,Tuesday,STYLE,JJ,STYLE,TANYA,1,35.0,Wednesday,evening,0,0,67,2,2,0,0,0,0,0,13,0
311,Tuesday,COLOR,JOANNE,STYLE,JJ,1,82.0,Friday,afternoon,0,0,82,1,1,0,0,0,0,0,4,0
312,Tuesday,STYLE,JJ,COLOR,JOANNE,1,160.0,Tuesday,afternoon,0,0,242,2,1,1,0,0,0,0,28,2
313,Tuesday,COLOR,JOANNE,STYLE,JJ,1,102.0,Tuesday,morning,0,0,344,3,2,1,0,0,0,0,14,0
321,Wednesday,STYLE,JJ,STYLE,JJ,1,160.0,Friday,morning,0,1,40,1,1,0,1,0,0,0,33,2
325,Wednesday,STYLE,JJ,STYLE,JJ,1,160.0,Friday,morning,0,1,40,1,1,0,1,0,0,0,33,2
327,Friday,STYLE,BECKY,STYLE,JJ,1,82.0,Thursday,afternoon,0,0,82,1,1,0,0,0,0,0,8,2
328,Wednesday,STYLE,BECKY,STYLE,BECKY,1,160.0,Friday,morning,0,1,132,2,2,0,1,0,0,0,5,0
329,Friday,STYLE,BECKY,STYLE,BECKY,1,50.0,Wednesday,afternoon,0,0,182,3,3,0,1,0,0,0,2,0
330,Friday,COLOR,JOANNE,STYLE,BECKY,1,50.0,Wednesday,afternoon,0,0,182,3,3,0,1,0,0,0,2,0
331,Thursday,STYLE,BECKY,COLOR,JOANNE,2,120.0,Friday,afternoon,0,1,302,5,4,1,3,0,0,0,6,1
332,Wednesday,STYLE,SINEAD,STYLE,BECKY,1,50.0,Thursday,evening,0,0,352,6,5,1,3,0,0,0,6,0
333,Saturday,STYLE,BECKY,STYLE,SINEAD,1,50.0,Wednesday,afternoon,0,0,402,7,6,1,3,0,0,0,3,0
334,Saturday,COLOR,JOANNE,STYLE,SINEAD,1,50.0,Wednesday,afternoon,0,0,402,7,6,1,3,0,0,0,3,2
335,Friday,STYLE,JJ,COLOR,JOANNE,2,100.0,Saturday,morning,0,1,502,9,7,2,5,0,0,0,13,1
336,Friday,STYLE,BECKY,STYLE,JJ,1,52.0,Friday,evening,0,0,554,10,8,2,5,0,0,0,7,2
337,Thursday,STYLE,BECKY,STYLE,BECKY,1,50.0,Friday,morning,0,0,604,11,9,2,5,0,0,0,6,0
338,Thursday,COLOR,JOANNE,STYLE,BECKY,1,50.0,Friday,morning,0,0,604,11,9,2,5,0,0,0,6,2
341,Wednesday,STYLE,KELLY,STYLE,JJ,1,202.0,Friday,morning,0,1,946,15,12,3,9,1,0,0,5,0
342,Wednesday,STYLE,JJ,STYLE,KELLY,1,55.0,Wednesday,afternoon,0,0,1001,16,13,3,9,1,0,0,7,0
343,Wednesday,COLOR,JOANNE,STYLE,KELLY,1,55.0,Wednesday,afternoon,0,0,1001,16,13,3,9,1,0,0,7,0
344,Thursday,STYLE,BECKY,COLOR,JOANNE,2,122.0,Wednesday,afternoon,0,1,1123,18,14,4,11,1,0,0,8,0
345,Thursday,STYLE,JJ,STYLE,BECKY,1,50.0,Thursday,afternoon,0,0,1173,19,15,4,11,1,0,0,7,2
347,Thursday,STYLE,JJ,STYLE,JJ,1,40.0,Wednesday,morning,0,0,40,1,1,0,0,0,0,0,36,2
348,Friday,STYLE,JJ,STYLE,JJ,1,60.0,Thursday,morning,0,0,100,2,2,0,0,0,0,0,36,2
349,Wednesday,STYLE,JJ,STYLE,JJ,1,60.0,Friday,morning,0,0,160,3,3,0,0,0,0,1,40,2
352,Friday,STYLE,BECKY,STYLE,BECKY,1,30.0,Thursday,evening,0,0,30,1,1,0,0,0,0,0,64,2
354,Friday,STYLE,BECKY,STYLE,BECKY,1,160.0,Friday,morning,0,1,30,1,1,0,1,0,0,0,56,2
360,Friday,STYLE,BECKY,STYLE,SINEAD,1,70.0,Thursday,afternoon,0,0,70,1,1,0,0,0,0,0,71,2
362,Saturday,STYLE,JJ,STYLE,JJ,1,82.0,Thursday,afternoon,0,0,82,1,1,0,0,0,0,0,37,2
363,Wednesday,STYLE,JJ,STYLE,JJ,1,102.0,Saturday,morning,0,0,184,2,2,0,0,0,0,0,60,0
364,Wednesday,COLOR,JOANNE,STYLE,JJ,1,102.0,Saturday,morning,0,0,184,2,2,0,0,0,0,0,60,0
366,Thursday,STYLE,BECKY,STYLE,BECKY,1,60.0,Friday,afternoon,0,0,60,1,1,0,0,0,0,0,13,2
369,Saturday,STYLE,BECKY,COLOR,JOANNE,2,245.0,Friday,afternoon,0,1,220,2,1,1,2,0,0,0,64,0
370,Saturday,COLOR,JOANNE,COLOR,JOANNE,2,245.0,Friday,afternoon,0,1,220,2,1,1,2,0,0,0,64,0
372,Thursday,STYLE,JOANNE,STYLE,BECKY,1,60.0,Friday,evening,0,0,60,1,1,0,0,0,0,0,6,1
373,Thursday,COLOR,JOANNE,STYLE,BECKY,1,60.0,Friday,evening,0,0,60,1,1,0,0,0,0,0,6,1
375,Wednesday,STYLE,KELLY,STYLE,KELLY,1,113.5,Wednesday,afternoon,0,1,55,1,1,0,1,0,0,0,35,0
378,Friday,STYLE,JJ,STYLE,SINEAD,1,70.0,Wednesday,morning,0,0,70,1,1,0,0,0,0,0,72,2
379,Friday,STYLE,JJ,STYLE,SINEAD,1,70.0,Wednesday,morning,0,0,70,1,1,0,0,0,0,0,72,2
382,Saturday,MISC,SINEAD,MISC,SINEAD,1,0.0,Tuesday,evening,0,0,0,1,0,0,0,0,0,0,18,0
383,Saturday,STYLE,SINEAD,MISC,SINEAD,1,0.0,Saturday,afternoon,0,0,0,2,0,0,0,0,0,0,35,0
384,Saturday,STYLE,BECKY,STYLE,SINEAD,1,70.0,Saturday,afternoon,0,0,70,3,1,0,0,0,0,0,42,0
387,Friday,MISC,BECKY,STYLE,BECKY,1,60.0,Tuesday,evening,0,0,60,1,1,0,0,0,0,0,31,1
388,Thursday,STYLE,BECKY,MISC,BECKY,1,0.0,Friday,evening,0,0,60,2,1,0,0,0,0,0,34,0
391,Wednesday,STYLE,SINEAD,STYLE,SINEAD,1,70.0,Wednesday,evening,0,0,70,1,1,0,0,0,0,0,49,0
402,Saturday,STYLE,BECKY,STYLE,SINEAD,1,30.0,Tuesday,evening,0,0,30,1,1,0,0,0,0,0,46,0
403,Saturday,COLOR,JOANNE,STYLE,SINEAD,1,30.0,Tuesday,evening,0,0,30,1,1,0,0,0,0,0,46,0
406,Friday,STYLE,JJ,STYLE,JJ,1,82.0,Wednesday,evening,0,0,82,1,1,0,0,0,0,0,9,2
409,Tuesday,STYLE,JJ,STYLE,JJ,1,82.0,Friday,evening,0,0,82,1,1,0,0,0,0,0,60,1
412,Tuesday,STYLE,BECKY,STYLE,SINEAD,1,70.0,Tuesday,morning,0,0,70,1,1,0,0,0,0,0,56,2
419,Friday,STYLE,BECKY,STYLE,BECKY,1,30.0,Saturday,afternoon,0,0,30,1,1,0,0,0,0,0,27,1
420,Saturday,STYLE,BECKY,STYLE,BECKY,1,50.0,Friday,evening,0,0,80,2,2,0,0,0,0,0,43,2
440,Tuesday,STYLE,SINEAD,MISC,SINEAD,1,0.0,Thursday,evening,0,0,0,1,0,0,0,0,0,0,40,1
442,Wednesday,STYLE,JJ,STYLE,JJ,1,82.0,Saturday,morning,0,0,82,1,1,0,0,0,0,0,46,0
453,Sunday,STYLE,BECKY,STYLE,BECKY,1,60.0,Tuesday,evening,0,0,60,1,1,0,0,0,0,0,5,0
458,Thursday,STYLE,BECKY,STYLE,JJ,1,52.0,Thursday,evening,0,0,266,6,6,0,0,2,1,0,14,1
459,Wednesday,STYLE,TANYA,STYLE,BECKY,1,50.0,Thursday,evening,0,0,316,7,7,0,0,2,1,0,13,0
465,Friday,STYLE,JJ,MISC,JJ,1,0.0,Friday,morning,0,0,0,1,0,0,0,0,0,0,21,2
466,Friday,MISC,JJ,STYLE,JJ,1,60.0,Friday,morning,0,0,60,2,1,0,0,0,0,0,21,2
467,Tuesday,STYLE,JJ,MISC,JJ,1,0.0,Friday,morning,0,0,60,3,1,0,0,0,0,0,18,2
468,Friday,MISC,JJ,STYLE,JJ,1,60.0,Tuesday,morning,0,0,120,4,2,0,0,0,0,0,17,2
469,Thursday,STYLE,JJ,MISC,JJ,1,0.0,Friday,morning,0,0,120,5,2,0,0,0,0,0,20,2
472,Friday,STYLE,JJ,MISC,JJ,1,0.0,Friday,morning,0,0,180,8,3,0,0,1,0,0,14,2
476,Thursday,STYLE,BECKY,STYLE,SINEAD,1,30.0,Wednesday,evening,0,0,30,1,1,0,0,0,0,0,15,1
477,Wednesday,STYLE,KELLY,STYLE,BECKY,1,68.45,Thursday,evening,0,1,80,2,2,0,1,0,0,0,13,0
478,Thursday,STYLE,BECKY,STYLE,KELLY,1,55.0,Wednesday,afternoon,0,0,135,3,3,0,1,0,0,0,15,0
479,Wednesday,STYLE,JJ,STYLE,BECKY,1,50.0,Thursday,afternoon,0,0,185,4,4,0,1,0,0,0,20,1
480,Wednesday,STYLE,JJ,STYLE,BECKY,1,50.0,Thursday,afternoon,0,0,185,4,4,0,1,0,0,0,20,1
483,Saturday,STYLE,JJ,STYLE,JJ,1,82.0,Tuesday,morning,0,0,82,1,1,0,0,0,0,0,46,2
484,Saturday,COLOR,JOANNE,STYLE,JJ,1,82.0,Tuesday,morning,0,0,82,1,1,0,0,0,0,0,46,2
485,Thursday,MISC,JJ,COLOR,JOANNE,2,242.0,Saturday,morning,0,1,324,3,2,1,2,0,0,0,26,1
491,Wednesday,STYLE,JJ,STYLE,JJ,1,82.0,Thursday,morning,0,0,82,1,1,0,0,0,0,0,48,0
492,Tuesday,MISC,JJ,STYLE,JJ,1,102.0,Wednesday,afternoon,0,0,184,2,2,0,0,0,0,0,34,2
493,Thursday,STYLE,JJ,MISC,JJ,1,0.0,Tuesday,morning,0,0,184,3,2,0,0,0,0,0,16,0
495,Saturday,STYLE,JJ,STYLE,JJ,1,132.4,Saturday,morning,0,1,82,1,1,0,1,0,0,0,49,2
503,Wednesday,STYLE,JJ,STYLE,JJ,1,82.0,Tuesday,morning,0,0,82,1,1,0,0,0,0,0,78,2
507,Saturday,COLOR,KELLY,COLOR,KELLY,1,45.0,Saturday,morning,0,0,45,1,0,1,0,0,0,0,28,2
511,Tuesday,STYLE,BECKY,STYLE,BECKY,1,30.0,Friday,afternoon,0,0,30,1,1,0,0,0,0,0,46,1
514,Saturday,STYLE,BECKY,STYLE,BECKY,1,60.0,Saturday,morning,0,0,60,1,1,0,0,0,0,0,56,0
515,Saturday,COLOR,JOANNE,STYLE,BECKY,1,60.0,Saturday,morning,0,0,60,1,1,0,0,0,0,0,56,2
520,Thursday,STYLE,BECKY,STYLE,SINEAD,1,35.0,Tuesday,morning,0,0,35,1,1,0,0,0,0,0,44,2
521,Thursday,STYLE,BECKY,STYLE,BECKY,1,50.0,Thursday,morning,0,0,85,2,2,0,0,0,0,0,28,2
524,Saturday,STYLE,BECKY,COLOR,JOANNE,2,255.55,Saturday,morning,0,1,155,2,1,1,2,0,0,0,49,2
525,Saturday,COLOR,JOANNE,COLOR,JOANNE,2,255.55,Saturday,morning,0,1,155,2,1,1,2,0,0,0,49,2
529,Friday,STYLE,BECKY,STYLE,SINEAD,1,35.0,Wednesday,afternoon,0,0,35,1,1,0,0,0,0,0,51,0
542,Wednesday,STYLE,JJ,STYLE,JJ,1,82.0,Saturday,afternoon,0,0,82,1,1,0,0,0,0,0,81,0
544,Thursday,STYLE,JJ,STYLE,JJ,1,40.0,Thursday,evening,0,0,40,1,1,0,0,0,0,0,35,1
545,Wednesday,STYLE,JJ,STYLE,JJ,1,60.0,Thursday,evening,0,0,100,2,2,0,0,0,0,0,34,2
546,Thursday,STYLE,JJ,STYLE,JJ,1,60.0,Wednesday,morning,0,0,160,3,3,0,0,0,0,0,36,1
548,Saturday,STYLE,JJ,STYLE,JJ,1,82.0,Saturday,morning,0,0,82,1,1,0,0,0,0,0,63,2
550,Saturday,STYLE,JJ,STYLE,JJ,1,82.0,Wednesday,morning,0,0,82,1,1,0,0,0,0,0,66,2
551,Saturday,COLOR,JOANNE,STYLE,JJ,1,82.0,Wednesday,morning,0,0,82,1,1,0,0,0,0,0,66,2
554,Thursday,STYLE,JJ,STYLE,JJ,1,132.4,Thursday,afternoon,0,1,82,1,1,0,1,0,0,0,35,0
555,Wednesday,STYLE,JJ,STYLE,JJ,1,102.0,Thursday,afternoon,0,0,184,2,2,0,1,0,0,0,34,0
558,Thursday,STYLE,BECKY,COLOR,JOANNE,2,0.0,Friday,afternoon,1,0,70,2,1,1,1,0,1,0,48,2
559,Thursday,COLOR,JOANNE,COLOR,JOANNE,2,0.0,Friday,afternoon,1,0,70,2,1,1,1,0,1,0,48,2
563,Tuesday,STYLE,JJ,STYLE,JJ,1,40.0,Friday,morning,0,0,40,1,1,0,0,0,0,0,74,1
570,Friday,STYLE,JJ,STYLE,JJ,1,82.0,Thursday,afternoon,0,0,82,1,1,0,0,0,0,0,36,0
571,Saturday,COLOR,JOANNE,STYLE,JJ,1,102.0,Friday,afternoon,0,0,184,2,2,0,0,0,0,0,15,2
574,Saturday,COLOR,JOANNE,STYLE,JJ,1,82.0,Friday,morning,0,0,396,5,4,1,0,1,0,0,29,2
575,Friday,STYLE,JJ,COLOR,JOANNE,1,130.0,Saturday,morning,0,0,526,6,4,2,0,1,0,0,6,0
577,Friday,STYLE,BECKY,STYLE,BECKY,1,60.0,Tuesday,morning,0,0,60,1,1,0,0,0,0,0,45,2
578,Thursday,STYLE,BECKY,STYLE,BECKY,1,80.0,Friday,morning,0,0,140,2,2,0,0,0,0,0,41,0
585,Wednesday,STYLE,JJ,STYLE,JJ,1,40.0,Friday,morning,0,0,40,1,1,0,0,0,0,0,40,2
586,Wednesday,STYLE,JJ,STYLE,JJ,1,101.4,Wednesday,morning,0,1,100,2,2,0,1,0,0,0,28,0
588,Wednesday,STYLE,SINEAD,STYLE,SINEAD,1,70.0,Thursday,morning,0,0,70,1,1,0,0,0,0,0,34,2
589,Thursday,STYLE,BECKY,STYLE,SINEAD,1,90.0,Wednesday,morning,0,0,160,2,2,0,0,0,0,0,43,2
593,Tuesday,STYLE,BECKY,STYLE,SINEAD,1,35.0,Tuesday,morning,0,0,35,1,1,0,0,0,0,0,35,2
594,Tuesday,STYLE,BECKY,STYLE,BECKY,1,50.0,Tuesday,morning,0,0,85,2,2,0,0,0,0,0,35,2
598,Friday,STYLE,JJ,STYLE,JJ,1,40.0,Thursday,evening,0,0,40,1,1,0,0,0,0,0,43,0
599,Thursday,STYLE,JJ,STYLE,JJ,1,60.0,Friday,afternoon,0,0,100,2,2,0,0,0,0,0,41,0
604,Tuesday,STYLE,BECKY,COLOR,BECKY,2,75.0,Friday,evening,0,1,75,4,2,2,2,2,2,0,74,1
605,Tuesday,COLOR,BECKY,COLOR,BECKY,2,75.0,Friday,evening,0,1,75,4,2,2,2,2,2,0,74,1
610,Sunday,STYLE,BECKY,STYLE,BECKY,1,30.0,Thursday,afternoon,0,0,30,1,1,0,0,0,0,0,59,2
613,Friday,STYLE,JJ,COLOR,JOANNE,2,115.0,Thursday,morning,0,1,115,2,1,1,2,0,0,0,29,0
614,Friday,COLOR,JOANNE,COLOR,JOANNE,2,115.0,Thursday,morning,0,1,115,2,1,1,2,0,0,0,29,0
618,Tuesday,STYLE,BECKY,STYLE,BECKY,1,60.0,Saturday,morning,0,0,60,1,1,0,0,0,0,0,45,1
622,Tuesday,STYLE,BECKY,STYLE,BECKY,1,30.0,Friday,evening,0,0,30,1,1,0,0,0,0,0,46,2
628,Thursday,STYLE,BECKY,MISC,JOANNE,3,220.0,Thursday,morning,0,1,220,3,1,1,3,0,0,0,49,2
629,Thursday,COLOR,JOANNE,MISC,JOANNE,3,220.0,Thursday,morning,0,1,220,3,1,1,3,0,0,0,49,2
631,Wednesday,STYLE,JJ,STYLE,JJ,1,40.0,Tuesday,morning,0,0,40,1,1,0,0,0,0,0,29,0
635,Tuesday,STYLE,JJ,STYLE,JJ,1,60.0,Thursday,evening,0,0,160,5,5,0,0,2,1,0,26,2
637,Tuesday,STYLE,JJ,STYLE,JJ,1,82.0,Wednesday,evening,0,0,82,1,1,0,0,0,0,1,20,1
640,Saturday,STYLE,JJ,MISC,JOANNE,1,0.0,Tuesday,afternoon,0,0,82,4,3,0,0,1,1,0,11,0
641,Saturday,COLOR,JOANNE,MISC,JOANNE,1,0.0,Tuesday,afternoon,0,0,82,4,3,0,0,1,1,0,11,0
642,Wednesday,STYLE,JJ,COLOR,JOANNE,2,382.8,Saturday,afternoon,0,1,364,6,4,1,2,1,1,1,60,0
645,Thursday,STYLE,KELLY,STYLE,KELLY,1,63.45,Thursday,evening,0,1,45,1,1,0,1,0,0,0,42,1
654,Thursday,STYLE,JJ,STYLE,JJ,1,82.0,Wednesday,morning,0,0,82,1,1,0,0,0,0,0,57,2
659,Saturday,STYLE,SINEAD,STYLE,BECKY,1,50.0,Friday,evening,0,0,280,4,3,1,0,2,2,1,8,0
660,Tuesday,STYLE,BECKY,STYLE,SINEAD,1,0.0,Saturday,afternoon,1,0,330,5,4,1,0,2,3,0,10,2
661,Tuesday,STYLE,SINEAD,STYLE,BECKY,1,50.0,Tuesday,morning,0,0,380,6,5,1,0,2,3,1,7,1
662,Thursday,STYLE,SINEAD,STYLE,SINEAD,1,0.0,Tuesday,evening,1,0,430,7,6,1,0,2,4,0,9,0
663,Thursday,COLOR,JOANNE,STYLE,SINEAD,1,0.0,Tuesday,evening,1,0,430,7,6,1,0,2,4,0,9,0
666,Friday,STYLE,BECKY,STYLE,SINEAD,1,0.0,Saturday,morning,1,0,580,11,8,3,0,3,5,0,20,1
667,Friday,COLOR,JOANNE,STYLE,SINEAD,1,0.0,Saturday,morning,1,0,580,11,8,3,0,3,5,0,20,0
668,Friday,STYLE,HOUSE,COLOR,JOANNE,2,70.0,Friday,afternoon,0,0,700,13,9,4,1,3,5,0,7,1
669,Tuesday,STYLE,BECKY,STYLE,HOUSE,1,250.0,Friday,evening,0,0,950,14,10,4,1,3,5,1,11,2
671,Tuesday,STYLE,BECKY,STYLE,BECKY,1,0.0,Tuesday,morning,1,0,1000,15,11,4,1,3,6,1,7,1
672,Tuesday,STYLE,BECKY,STYLE,BECKY,1,0.0,Tuesday,evening,1,0,1100,17,13,4,1,4,7,0,7,2
673,Tuesday,COLOR,JOANNE,STYLE,BECKY,1,0.0,Tuesday,evening,1,0,1100,17,13,4,1,4,7,0,7,2
674,Thursday,STYLE,BECKY,COLOR,JOANNE,2,50.0,Tuesday,morning,0,0,1200,19,14,5,1,4,7,1,9,0
677,Friday,STYLE,JJ,STYLE,JJ,1,82.0,Thursday,afternoon,0,0,82,2,2,0,0,1,1,0,43,2
688,Thursday,STYLE,BECKY,STYLE,SINEAD,1,35.0,Tuesday,evening,0,0,35,1,1,0,0,0,0,0,72,0
690,Tuesday,STYLE,BECKY,STYLE,BECKY,1,60.0,Tuesday,evening,0,0,60,1,1,0,0,0,0,0,49,0
694,Wednesday,STYLE,HOUSE,COLOR,KELLY,2,135.0,Thursday,afternoon,0,1,135,2,1,1,2,0,0,0,6,2
695,Thursday,STYLE,SINEAD,STYLE,HOUSE,1,225.0,Wednesday,morning,0,0,360,3,2,1,2,0,0,1,8,0
696,Thursday,STYLE,SINEAD,STYLE,SINEAD,1,0.0,Thursday,afternoon,1,0,410,4,3,1,2,0,1,1,7,0
697,Thursday,STYLE,SINEAD,STYLE,SINEAD,1,0.0,Thursday,afternoon,1,0,460,5,4,1,2,0,2,1,7,0
698,Thursday,STYLE,SINEAD,STYLE,SINEAD,1,0.0,Thursday,afternoon,1,0,505,6,5,1,2,0,3,1,7,0
699,Thursday,STYLE,SINEAD,STYLE,SINEAD,1,0.0,Thursday,afternoon,1,0,555,7,6,1,2,0,4,1,7,0
700,Thursday,STYLE,SINEAD,STYLE,SINEAD,1,0.0,Thursday,afternoon,1,0,605,8,7,1,2,0,5,0,7,0
701,Thursday,COLOR,JOANNE,STYLE,SINEAD,1,0.0,Thursday,afternoon,1,0,605,8,7,1,2,0,5,0,7,0
702,Thursday,STYLE,SINEAD,COLOR,JOANNE,2,160.0,Thursday,afternoon,0,1,765,10,8,2,4,0,5,0,7,0
710,Thursday,STYLE,JJ,COLOR,JOANNE,2,120.0,Wednesday,morning,0,1,1037,18,14,4,6,4,5,0,22,0
718,Wednesday,STYLE,JJ,STYLE,JJ,1,40.0,Tuesday,evening,0,0,40,1,1,0,0,0,0,0,50,0
723,Saturday,STYLE,JJ,STYLE,BECKY,1,30.0,Friday,evening,0,0,30,3,2,1,0,1,2,0,8,2
724,Saturday,STYLE,JJ,STYLE,JJ,1,172.0,Saturday,morning,0,1,132,4,3,1,1,1,2,0,7,2
725,Saturday,STYLE,SINEAD,STYLE,JJ,1,52.0,Saturday,morning,0,0,184,5,4,1,1,1,2,0,7,0
726,Thursday,STYLE,JJ,STYLE,SINEAD,1,50.0,Saturday,afternoon,0,0,234,6,5,1,1,1,2,0,5,2
727,Friday,STYLE,JJ,STYLE,JJ,1,52.0,Thursday,morning,0,0,286,7,6,1,1,1,2,0,8,2
731,Saturday,STYLE,JJ,COLOR,JOANNE,2,215.0,Saturday,morning,0,1,553,11,9,2,3,2,2,0,7,2
734,Saturday,STYLE,KELLY,STYLE,BECKY,1,50.0,Sunday,afternoon,0,0,655,14,12,2,3,3,3,0,20,0
738,Sunday,STYLE,JJ,STYLE,JJ,1,82.0,Tuesday,morning,0,0,82,1,1,0,0,0,0,0,47,0
739,Friday,COLOR,JOANNE,STYLE,JJ,1,111.4,Sunday,afternoon,0,1,134,2,2,0,1,0,0,0,40,0
747,Saturday,STYLE,JJ,STYLE,JJ,1,40.0,Thursday,morning,0,0,40,1,1,0,0,0,0,0,121,0
750,Friday,MISC,KELLY,MISC,KELLY,1,0.0,Friday,evening,0,0,0,1,0,0,0,0,0,0,28,1
757,Saturday,MISC,SINEAD,COLOR,KELLY,2,100.0,Tuesday,morning,0,1,100,2,1,1,2,0,0,0,25,0
758,Saturday,STYLE,SINEAD,COLOR,KELLY,2,100.0,Tuesday,morning,0,1,100,2,1,1,2,0,0,0,25,0
759,Saturday,COLOR,JOANNE,COLOR,KELLY,2,100.0,Tuesday,morning,0,1,100,2,1,1,2,0,0,0,25,0
760,Thursday,STYLE,SINEAD,COLOR,JOANNE,3,125.0,Saturday,afternoon,0,1,225,5,2,2,5,0,0,0,26,1
761,Thursday,COLOR,JOANNE,COLOR,JOANNE,3,125.0,Saturday,afternoon,0,1,225,5,2,2,5,0,0,0,26,1
765,Saturday,STYLE,BECKY,COLOR,JOANNE,2,120.0,Saturday,morning,0,1,470,10,4,4,9,1,0,0,28,2
766,Saturday,COLOR,JOANNE,COLOR,JOANNE,2,120.0,Saturday,morning,0,1,470,10,4,4,9,1,0,0,28,2
778,Friday,STYLE,JJ,STYLE,JJ,1,82.0,Thursday,afternoon,0,0,82,1,1,0,0,0,0,0,43,1
779,Wednesday,STYLE,JJ,STYLE,JJ,1,102.0,Friday,evening,0,0,184,2,2,0,0,0,0,0,40,0
781,Thursday,STYLE,JJ,STYLE,JJ,1,82.0,Thursday,afternoon,0,0,82,1,1,0,0,0,0,0,98,1
783,Saturday,MISC,JJ,STYLE,JJ,1,82.0,Thursday,morning,0,0,82,1,1,0,0,0,0,0,37,2
784,Saturday,STYLE,HOUSE,STYLE,JJ,1,82.0,Thursday,morning,0,0,82,1,1,0,0,0,0,0,37,2
785,Saturday,STYLE,JJ,STYLE,HOUSE,2,260.0,Saturday,morning,0,0,342,3,2,0,1,0,0,0,28,0
786,Thursday,STYLE,JJ,STYLE,JJ,1,102.0,Saturday,afternoon,0,0,444,4,3,0,1,0,0,0,40,2
794,Tuesday,STYLE,SINEAD,STYLE,SINEAD,1,35.0,Thursday,evening,0,0,35,1,1,0,0,0,0,0,40,1
798,Thursday,COLOR,JOANNE,STYLE,SINEAD,1,70.0,Saturday,afternoon,0,0,70,1,1,0,0,0,0,0,47,1
799,Wednesday,STYLE,SINEAD,COLOR,JOANNE,1,160.0,Thursday,evening,0,0,230,2,1,1,0,0,0,0,6,1
800,Tuesday,STYLE,BECKY,STYLE,SINEAD,1,90.0,Wednesday,evening,0,0,320,3,2,1,0,0,0,0,48,1
803,Thursday,STYLE,BECKY,STYLE,SINEAD,1,35.0,Tuesday,evening,0,0,35,1,1,0,0,0,0,0,100,1
805,Friday,STYLE,KELLY,STYLE,KELLY,1,339.0,Saturday,morning,0,1,45,1,1,0,1,0,0,0,69,0
806,Friday,COLOR,KELLY,STYLE,KELLY,1,339.0,Saturday,morning,0,1,45,1,1,0,1,0,0,0,69,2
816,Friday,STYLE,JJ,COLOR,JOANNE,2,242.0,Thursday,afternoon,0,1,242,2,1,1,2,0,0,0,50,1
817,Friday,COLOR,JOANNE,COLOR,JOANNE,2,242.0,Thursday,afternoon,0,1,242,2,1,1,2,0,0,0,50,0
825,Tuesday,STYLE,BECKY,STYLE,BECKY,1,60.0,Thursday,morning,0,0,60,1,1,0,0,0,0,0,40,0
832,Tuesday,STYLE,SINEAD,STYLE,SINEAD,1,108.31,Wednesday,morning,0,1,70,1,1,0,1,0,0,0,55,0
838,Tuesday,STYLE,JJ,STYLE,JJ,1,82.0,Thursday,morning,0,0,82,1,1,0,0,0,0,0,47,2
839,Tuesday,COLOR,JJ,STYLE,JJ,1,82.0,Thursday,morning,0,0,82,1,1,0,0,0,0,0,47,2
840,Wednesday,STYLE,JJ,COLOR,JJ,2,172.0,Tuesday,morning,0,1,254,3,2,1,2,0,0,0,50,2
847,Wednesday,STYLE,JJ,COLOR,JOANNE,2,167.0,Tuesday,afternoon,0,1,167,2,1,1,2,0,0,0,64,2
849,Friday,STYLE,JJ,STYLE,JJ,1,82.0,Tuesday,afternoon,0,0,82,1,1,0,0,0,0,0,66,2
851,Wednesday,STYLE,JJ,STYLE,JJ,1,117.39,Friday,morning,0,1,82,1,1,0,1,0,0,0,12,0
852,Friday,STYLE,JJ,STYLE,JJ,1,52.0,Wednesday,afternoon,0,0,134,2,2,0,1,0,0,0,23,2
860,Tuesday,STYLE,BECKY,STYLE,BECKY,1,0.0,Saturday,afternoon,1,0,0,4,4,0,0,3,4,1,17,1
862,Friday,STYLE,BECKY,STYLE,BECKY,1,30.0,Friday,morning,0,0,30,1,1,0,0,0,0,0,21,0
863,Friday,STYLE,BECKY,STYLE,BECKY,1,50.0,Friday,afternoon,0,0,80,2,2,0,0,0,0,0,28,2
864,Friday,STYLE,BECKY,STYLE,BECKY,1,50.0,Friday,morning,0,0,130,3,3,0,0,0,0,0,21,2
865,Friday,STYLE,BECKY,STYLE,BECKY,1,78.8,Friday,morning,0,1,180,4,4,0,1,0,0,0,14,2
866,Friday,STYLE,BECKY,STYLE,BECKY,1,50.0,Friday,morning,0,0,230,5,5,0,1,0,0,0,21,2
873,Friday,STYLE,JJ,STYLE,JJ,1,82.0,Tuesday,afternoon,0,0,82,2,2,0,0,1,1,0,24,2
874,Thursday,STYLE,JJ,STYLE,JJ,1,52.0,Friday,morning,0,0,134,3,3,0,0,1,1,0,34,2
875,Friday,STYLE,JJ,STYLE,JJ,1,102.0,Thursday,morning,0,0,236,4,4,0,0,1,1,0,43,2
880,Saturday,STYLE,JJ,COLOR,JJ,2,82.0,Friday,afternoon,0,1,82,2,1,1,1,0,0,0,50,0
881,Saturday,COLOR,JOANNE,COLOR,JJ,2,82.0,Friday,afternoon,0,1,82,2,1,1,1,0,0,0,50,2
886,Saturday,STYLE,KELLY,COLOR,KELLY,2,180.0,Saturday,afternoon,0,1,155,2,1,1,2,0,0,0,35,0
887,Saturday,COLOR,KELLY,COLOR,KELLY,2,180.0,Saturday,afternoon,0,1,155,2,1,1,2,0,0,0,35,0
888,Saturday,MISC,KELLY,COLOR,KELLY,2,180.0,Saturday,afternoon,0,1,155,2,1,1,2,0,0,0,35,0
892,Wednesday,STYLE,JJ,STYLE,JJ,1,82.0,Wednesday,morning,0,0,82,1,1,0,0,0,0,1,49,2
893,Saturday,STYLE,JJ,STYLE,JJ,1,0.0,Wednesday,morning,1,0,82,2,2,0,0,0,1,0,31,2
899,Tuesday,STYLE,BECKY,COLOR,JOANNE,2,190.0,Tuesday,evening,0,1,190,2,1,1,2,0,0,0,63,1
900,Tuesday,COLOR,JOANNE,COLOR,JOANNE,2,190.0,Tuesday,evening,0,1,190,2,1,1,2,0,0,0,63,1
902,Wednesday,STYLE,HOUSE,MISC,SINEAD,1,0.0,Wednesday,afternoon,0,0,0,1,0,0,0,0,0,0,7,0
905,Tuesday,STYLE,SINEAD,STYLE,SINEAD,1,0.0,Wednesday,afternoon,1,0,300,4,3,0,0,1,1,1,6,2
906,Wednesday,STYLE,SINEAD,STYLE,SINEAD,1,0.0,Tuesday,morning,1,0,350,5,4,0,0,1,2,1,8,0
910,Thursday,STYLE,BECKY,COLOR,JOANNE,2,192.0,Thursday,evening,0,1,592,9,7,1,2,2,3,1,7,2
911,Thursday,STYLE,BECKY,STYLE,BECKY,1,0.0,Thursday,morning,1,0,642,10,8,1,2,2,4,1,7,0
912,Thursday,STYLE,HOUSE,STYLE,BECKY,1,0.0,Thursday,afternoon,1,0,692,11,9,1,2,2,5,0,7,2
918,Tuesday,STYLE,BECKY,STYLE,BECKY,1,0.0,Tuesday,afternoon,1,0,992,15,13,1,2,4,6,1,7,0
924,Tuesday,STYLE,KELLY,STYLE,BECKY,1,60.0,Friday,evening,0,0,60,1,1,0,0,0,0,0,67,1
931,Wednesday,STYLE,KELLY,STYLE,TANYA,1,15.0,Saturday,afternoon,0,0,15,1,1,0,0,0,0,0,11,0
942,Tuesday,STYLE,BECKY,STYLE,SINEAD,1,35.0,Tuesday,evening,0,0,35,1,1,0,0,0,0,0,35,1
944,Friday,COLOR,JOANNE,COLOR,JOANNE,1,50.0,Saturday,morning,0,0,50,1,0,1,0,0,0,0,48,2
952,Thursday,STYLE,JJ,COLOR,KELLY,2,147.0,Tuesday,evening,0,1,147,2,1,1,2,0,0,0,65,1
953,Thursday,COLOR,JOANNE,COLOR,KELLY,2,147.0,Tuesday,evening,0,1,147,2,1,1,2,0,0,0,65,1
959,Tuesday,STYLE,JJ,STYLE,JJ,1,40.0,Friday,morning,0,0,40,1,1,0,0,0,0,0,32,2
960,Tuesday,STYLE,JJ,STYLE,JJ,1,60.0,Tuesday,morning,0,0,100,2,2,0,0,0,0,0,35,2
961,Tuesday,STYLE,JJ,STYLE,JJ,1,60.0,Tuesday,morning,0,0,160,3,3,0,0,0,0,0,35,2
968,Tuesday,STYLE,JJ,STYLE,JJ,1,40.0,Thursday,evening,0,0,40,1,1,0,0,0,0,0,47,1
969,Tuesday,STYLE,JJ,STYLE,JJ,1,50.0,Tuesday,evening,0,0,90,2,2,0,0,0,0,0,35,1
970,Tuesday,STYLE,JJ,STYLE,JJ,1,50.0,Tuesday,evening,0,0,140,3,3,0,0,0,0,0,28,1
973,Saturday,STYLE,SINEAD,STYLE,SINEAD,1,70.0,Saturday,afternoon,0,0,70,1,1,0,0,0,0,0,28,0
979,Friday,STYLE,KELLY,MISC,KELLY,1,0.0,Tuesday,evening,0,0,0,1,0,0,0,0,0,0,10,0
980,Friday,COLOR,KELLY,MISC,KELLY,1,0.0,Tuesday,evening,0,0,0,1,0,0,0,0,0,0,10,2
982,Thursday,STYLE,JJ,STYLE,JJ,1,82.0,Tuesday,afternoon,0,0,82,1,1,0,0,0,0,0,37,2
983,Saturday,STYLE,JJ,STYLE,JJ,1,102.0,Thursday,morning,0,0,184,2,2,0,0,0,0,1,9,0
984,Friday,STYLE,JJ,STYLE,JJ,1,0.0,Saturday,afternoon,1,0,184,3,3,0,0,0,1,0,20,2
985,Wednesday,STYLE,JJ,STYLE,JJ,1,102.0,Friday,morning,0,0,286,4,4,0,0,0,1,0,19,2
990,Friday,STYLE,BECKY,STYLE,BECKY,1,30.0,Friday,evening,0,0,30,1,1,0,0,0,0,0,42,1
991,Thursday,STYLE,BECKY,STYLE,BECKY,1,50.0,Friday,evening,0,0,80,2,2,0,0,0,0,0,27,2
995,Friday,STYLE,BECKY,COLOR,JOANNE,2,167.0,Wednesday,morning,0,1,167,2,1,1,2,0,0,0,23,0
996,Friday,COLOR,JOANNE,COLOR,JOANNE,2,167.0,Wednesday,morning,0,1,167,2,1,1,2,0,0,0,23,2
997,Friday,STYLE,BECKY,COLOR,JOANNE,2,300.0,Friday,morning,0,1,467,4,2,2,4,0,0,0,14,0
998,Friday,COLOR,JOANNE,COLOR,JOANNE,2,300.0,Friday,morning,0,1,467,4,2,2,4,0,0,0,14,2
1000,Tuesday,STYLE,JJ,STYLE,JJ,1,114.44,Tuesday,morning,0,1,82,1,1,0,1,0,0,0,84,2
1002,Friday,STYLE,JJ,STYLE,JJ,1,82.0,Thursday,morning,0,0,82,1,1,0,0,0,0,0,120,1
1003,Friday,COLOR,JOANNE,STYLE,JJ,1,82.0,Thursday,morning,0,0,82,1,1,0,0,0,0,0,120,0
1005,Tuesday,STYLE,JJ,STYLE,JJ,1,82.0,Friday,afternoon,0,0,82,1,1,0,0,0,0,0,46,0
1010,Friday,STYLE,KELLY,STYLE,BECKY,1,60.0,Thursday,afternoon,0,0,60,1,1,0,0,0,0,0,50,0
1014,Friday,STYLE,JJ,STYLE,JJ,1,82.0,Saturday,evening,0,0,82,1,1,0,0,0,0,0,69,1
1016,Thursday,STYLE,JJ,STYLE,JJ,1,40.0,Thursday,evening,0,0,40,1,1,0,0,0,0,0,28,0
1017,Thursday,STYLE,JJ,STYLE,JJ,1,60.0,Thursday,afternoon,0,0,100,2,2,0,0,0,0,0,28,1
1018,Wednesday,STYLE,JJ,STYLE,JJ,1,60.0,Thursday,evening,0,0,160,3,3,0,0,0,0,0,27,2
1019,Thursday,STYLE,JJ,STYLE,JJ,1,60.0,Wednesday,morning,0,0,220,4,4,0,0,0,0,0,29,2
1021,Friday,STYLE,BECKY,STYLE,BECKY,1,60.0,Friday,afternoon,0,0,60,1,1,0,0,0,0,0,63,0
1025,Saturday,MISC,JJ,STYLE,JJ,1,228.25,Saturday,afternoon,0,1,82,1,1,0,1,0,0,0,70,0
1030,Thursday,STYLE,JJ,STYLE,SINEAD,1,35.0,Tuesday,afternoon,0,0,35,1,1,0,0,0,0,0,72,2
1043,Thursday,STYLE,SINEAD,STYLE,SINEAD,1,67.0,Thursday,afternoon,0,1,35,1,1,0,1,0,0,0,35,1
1044,Thursday,STYLE,BECKY,STYLE,SINEAD,1,55.0,Thursday,evening,0,0,90,2,2,0,1,0,0,0,35,1
1045,Thursday,STYLE,BECKY,STYLE,BECKY,1,50.0,Thursday,evening,0,0,140,3,3,0,1,0,0,0,28,1
1049,Thursday,STYLE,SINEAD,STYLE,SINEAD,1,70.0,Tuesday,morning,0,0,70,1,1,0,0,0,0,0,30,0
1050,Thursday,MISC,SINEAD,STYLE,SINEAD,1,90.0,Thursday,afternoon,0,0,160,2,2,0,0,0,0,0,14,2
1051,Thursday,STYLE,BECKY,MISC,SINEAD,1,0.0,Thursday,morning,0,0,160,3,2,0,0,0,0,0,21,2
1052,Wednesday,STYLE,JJ,STYLE,BECKY,1,80.0,Thursday,morning,0,0,240,4,3,0,0,0,0,0,27,0
1055,Thursday,STYLE,BECKY,STYLE,SINEAD,1,70.0,Wednesday,afternoon,0,0,70,1,1,0,0,0,0,0,43,0
1057,Tuesday,STYLE,BECKY,STYLE,BECKY,1,60.0,Tuesday,morning,0,0,60,1,1,0,0,0,0,0,77,0
1059,Saturday,STYLE,JJ,STYLE,JJ,1,40.0,Wednesday,afternoon,0,0,40,1,1,0,0,0,0,0,38,0
1060,Saturday,STYLE,JJ,STYLE,JJ,1,60.0,Saturday,afternoon,0,0,100,2,2,0,0,0,0,0,35,2
1061,Saturday,STYLE,JJ,STYLE,JJ,1,60.0,Saturday,morning,0,0,160,3,3,0,0,0,0,0,35,2
1063,Thursday,STYLE,BECKY,STYLE,BECKY,1,0.0,Thursday,evening,1,0,0,1,1,0,0,0,1,0,28,1
1064,Tuesday,STYLE,BECKY,STYLE,BECKY,1,60.0,Thursday,evening,0,0,60,2,2,0,0,0,1,0,26,1
1067,Friday,STYLE,BECKY,MISC,BECKY,1,0.0,Friday,evening,0,0,140,5,4,0,0,1,2,0,21,1
1069,Saturday,COLOR,JOANNE,COLOR,JOANNE,1,350.0,Saturday,afternoon,0,1,65,1,0,1,1,0,0,0,35,0
1070,Saturday,COLOR,JOANNE,COLOR,JOANNE,1,70.0,Saturday,afternoon,0,0,135,2,0,2,1,0,0,0,42,0
1072,Friday,STYLE,KELLY,STYLE,KELLY,1,60.0,Friday,afternoon,0,0,60,1,1,0,0,0,0,0,28,2
1074,Tuesday,STYLE,JJ,STYLE,SINEAD,1,70.0,Thursday,evening,0,0,70,1,1,0,0,0,0,0,33,1
1075,Friday,STYLE,JJ,STYLE,JJ,1,82.0,Tuesday,evening,0,0,152,2,2,0,0,0,0,0,52,0
1088,Friday,STYLE,KELLY,STYLE,KELLY,1,35.0,Saturday,morning,0,0,35,1,1,0,0,0,0,0,34,1
1091,Thursday,STYLE,BECKY,STYLE,BECKY,1,30.0,Tuesday,evening,0,0,30,1,1,0,0,0,0,0,44,0
1092,Wednesday,STYLE,BECKY,STYLE,BECKY,1,50.0,Thursday,afternoon,0,0,80,2,2,0,0,0,0,0,34,0
1095,Thursday,STYLE,JJ,STYLE,JJ,1,82.0,Wednesday,afternoon,0,0,82,1,1,0,0,0,0,0,36,0
1096,Wednesday,COLOR,JOANNE,STYLE,JJ,1,102.0,Thursday,afternoon,0,0,184,2,2,0,0,0,0,0,6,0
1097,Wednesday,STYLE,JJ,COLOR,JOANNE,1,50.0,Wednesday,afternoon,0,0,234,3,2,1,0,0,0,0,35,0
1103,Friday,COLOR,JOANNE,STYLE,SINEAD,1,110.33,Thursday,morning,0,1,70,1,1,0,1,0,0,0,15,2
1107,Friday,STYLE,BECKY,STYLE,BECKY,1,60.0,Tuesday,evening,0,0,60,1,1,0,0,0,0,0,94,1
1110,Friday,STYLE,JJ,STYLE,JJ,1,40.0,Friday,evening,0,0,40,1,1,0,0,0,0,0,56,1
1111,Wednesday,STYLE,JJ,STYLE,JJ,1,60.0,Friday,evening,0,0,100,2,2,0,0,0,0,0,54,1
1114,Thursday,STYLE,BECKY,STYLE,SINEAD,1,35.0,Saturday,morning,0,0,35,1,1,0,0,0,0,1,54,0
1123,Tuesday,STYLE,BECKY,STYLE,BECKY,1,30.0,Tuesday,evening,0,0,30,1,1,0,0,0,0,0,35,1
1124,Tuesday,STYLE,BECKY,STYLE,BECKY,1,102.5,Tuesday,evening,0,1,80,2,2,0,1,0,0,0,35,2
1128,Friday,STYLE,BECKY,STYLE,BECKY,1,30.0,Friday,afternoon,0,0,30,1,1,0,0,0,0,0,105,2
1133,Wednesday,STYLE,BECKY,STYLE,BECKY,1,60.0,Thursday,afternoon,0,0,60,1,1,0,0,0,0,0,55,2
1142,Saturday,STYLE,SINEAD,STYLE,SINEAD,1,70.0,Wednesday,evening,0,0,70,1,1,0,0,0,0,0,45,2
1145,Wednesday,STYLE,JJ,STYLE,JJ,1,82.0,Tuesday,morning,0,0,82,1,1,0,0,0,0,0,78,1
1162,Thursday,STYLE,JJ,STYLE,JJ,1,143.4,Thursday,afternoon,0,1,184,3,3,0,1,1,0,0,28,0
1168,Tuesday,MISC,JJ,STYLE,JJ,1,82.0,Friday,afternoon,0,0,82,1,1,0,0,0,0,0,88,0
1169,Friday,STYLE,JJ,MISC,JJ,1,24.3,Tuesday,afternoon,0,1,82,2,1,0,1,0,0,0,31,0
1171,Wednesday,STYLE,KELLY,STYLE,KELLY,1,35.0,Thursday,evening,0,0,35,1,1,0,0,0,0,0,13,1
1172,Thursday,COLOR,KELLY,STYLE,KELLY,1,55.0,Wednesday,evening,0,0,90,2,2,0,0,0,0,1,1,0
1175,Thursday,STYLE,JJ,COLOR,KELLY,2,110.0,Friday,morning,0,1,110,2,1,1,2,0,0,0,41,1
1176,Thursday,COLOR,JOANNE,COLOR,KELLY,2,110.0,Friday,morning,0,1,110,2,1,1,2,0,0,0,41,0
1177,Tuesday,STYLE,JJ,COLOR,JOANNE,2,187.0,Thursday,afternoon,0,1,297,4,2,2,4,0,0,0,26,0
1178,Tuesday,COLOR,JOANNE,COLOR,JOANNE,2,187.0,Thursday,afternoon,0,1,297,4,2,2,4,0,0,0,26,0
1180,Saturday,STYLE,KELLY,STYLE,KELLY,1,35.0,Wednesday,morning,0,0,35,1,1,0,0,0,0,0,38,0
1187,Friday,STYLE,JJ,STYLE,JJ,1,82.0,Friday,afternoon,0,0,82,1,1,0,0,0,0,0,35,0
1188,Friday,STYLE,JJ,STYLE,JJ,1,75.0,Friday,afternoon,0,0,157,2,2,0,0,0,0,0,35,0
1189,Friday,COLOR,JOANNE,STYLE,JJ,1,75.0,Friday,afternoon,0,0,157,2,2,0,0,0,0,0,35,0
1190,Friday,STYLE,JJ,COLOR,JOANNE,2,145.0,Friday,afternoon,0,1,302,4,3,1,2,0,0,0,35,0
1191,Friday,COLOR,JOANNE,COLOR,JOANNE,2,145.0,Friday,afternoon,0,1,302,4,3,1,2,0,0,0,35,2
1196,Friday,STYLE,BECKY,STYLE,BECKY,1,5.0,Friday,morning,0,0,5,1,1,0,0,0,0,0,42,0
1201,Saturday,COLOR,JOANNE,COLOR,JOANNE,3,167.0,Friday,afternoon,0,1,167,3,2,1,3,0,0,0,36,0
1205,Wednesday,STYLE,JJ,COLOR,JJ,2,132.0,Thursday,afternoon,0,1,132,2,1,1,2,0,0,0,41,0
1206,Wednesday,COLOR,JOANNE,COLOR,JJ,2,132.0,Thursday,afternoon,0,1,132,2,1,1,2,0,0,0,41,2
1207,Wednesday,STYLE,JJ,COLOR,JOANNE,2,172.0,Wednesday,morning,0,1,304,4,2,2,4,0,0,0,42,0
1208,Wednesday,COLOR,JOANNE,COLOR,JOANNE,2,172.0,Wednesday,morning,0,1,304,4,2,2,4,0,0,0,42,0
1214,Saturday,STYLE,SINEAD,STYLE,HOUSE,1,250.0,Tuesday,morning,0,0,280,4,4,0,0,2,2,1,4,0
1215,Wednesday,STYLE,SINEAD,STYLE,SINEAD,1,0.0,Saturday,afternoon,1,0,330,5,5,0,0,2,3,1,4,0
1219,Wednesday,STYLE,SINEAD,STYLE,SINEAD,1,90.0,Saturday,afternoon,0,0,470,8,8,0,0,3,4,1,4,0
1220,Saturday,STYLE,SINEAD,STYLE,SINEAD,1,0.0,Wednesday,afternoon,1,0,570,10,10,0,0,4,5,1,3,2
1223,Sunday,STYLE,BECKY,STYLE,SINEAD,1,0.0,Wednesday,afternoon,1,0,670,13,13,0,0,5,7,0,4,2
1224,Thursday,STYLE,JJ,STYLE,BECKY,1,50.0,Sunday,morning,0,0,720,14,14,0,0,5,7,0,4,2
1225,Tuesday,STYLE,JJ,STYLE,JJ,1,52.0,Thursday,morning,0,0,772,15,15,0,0,5,7,0,5,2
1226,Tuesday,STYLE,JJ,STYLE,JJ,1,52.0,Tuesday,morning,0,0,824,16,16,0,0,5,7,0,14,0
1230,Saturday,STYLE,JJ,STYLE,SINEAD,1,70.0,Saturday,morning,0,0,70,1,1,0,0,0,0,0,98,0
1237,Friday,COLOR,KELLY,STYLE,JJ,1,102.0,Tuesday,morning,0,0,102,1,1,0,0,0,0,0,17,0
1241,Friday,COLOR,JOANNE,STYLE,JJ,1,102.0,Friday,afternoon,0,0,294,5,3,2,0,2,2,0,7,2
1243,Thursday,STYLE,JJ,STYLE,JJ,1,119.8,Friday,evening,0,1,82,1,1,0,1,0,0,0,69,1
1244,Thursday,COLOR,JOANNE,STYLE,JJ,1,119.8,Friday,evening,0,1,82,1,1,0,1,0,0,0,69,1
1246,Friday,STYLE,JJ,STYLE,JJ,1,82.0,Friday,afternoon,0,0,82,1,1,0,0,0,0,0,49,2
1247,Wednesday,STYLE,JJ,STYLE,JJ,1,102.0,Friday,morning,0,0,184,2,2,0,0,0,0,0,33,0
1249,Friday,STYLE,BECKY,STYLE,BECKY,1,30.0,Tuesday,afternoon,0,0,30,1,1,0,0,0,0,0,31,1
1250,Friday,STYLE,BECKY,STYLE,BECKY,1,78.8,Friday,evening,0,1,80,2,2,0,1,0,0,0,28,1
1251,Tuesday,STYLE,BECKY,STYLE,BECKY,1,50.0,Friday,evening,0,0,130,3,3,0,1,0,0,0,32,1
1254,Thursday,STYLE,SINEAD,STYLE,JJ,1,32.0,Saturday,morning,0,0,32,1,1,0,0,0,0,0,12,2
1255,Saturday,STYLE,BECKY,STYLE,SINEAD,1,50.0,Thursday,morning,0,0,82,2,2,0,0,0,0,0,16,0
1256,Saturday,COLOR,JOANNE,STYLE,SINEAD,1,50.0,Thursday,morning,0,0,82,2,2,0,0,0,0,0,16,0
1257,Tuesday,STYLE,KELLY,COLOR,JOANNE,2,120.0,Saturday,afternoon,0,1,202,4,3,1,2,0,0,0,52,1
1258,Tuesday,COLOR,JOANNE,COLOR,JOANNE,2,120.0,Saturday,afternoon,0,1,202,4,3,1,2,0,0,0,52,1
1262,Tuesday,STYLE,JJ,STYLE,JJ,1,40.0,Thursday,morning,0,0,40,2,2,0,0,1,1,0,54,2
1268,Tuesday,STYLE,JJ,STYLE,JJ,1,0.0,Wednesday,evening,1,0,0,1,1,0,0,0,1,0,111,0
1272,Thursday,STYLE,JJ,STYLE,JJ,1,82.0,Friday,morning,0,0,82,1,1,0,0,0,0,0,34,0
1283,Friday,STYLE,JJ,STYLE,JJ,1,82.0,Friday,evening,0,1,40,1,1,0,1,0,0,0,28,2
1284,Friday,STYLE,JJ,STYLE,JJ,1,90.5,Friday,morning,0,1,100,2,2,0,2,0,0,0,42,0
1287,Thursday,STYLE,JJ,STYLE,JJ,1,82.0,Thursday,afternoon,0,0,82,1,1,0,0,0,0,0,56,2
1290,Tuesday,STYLE,SINEAD,STYLE,SINEAD,1,35.0,Tuesday,afternoon,0,0,35,1,1,0,0,0,0,0,35,0
1291,Tuesday,STYLE,BECKY,STYLE,SINEAD,1,55.0,Tuesday,afternoon,0,0,90,2,2,0,0,0,0,0,35,0
1303,Tuesday,STYLE,KELLY,STYLE,KELLY,1,35.0,Wednesday,evening,0,0,35,1,1,0,0,0,0,0,55,1
1310,Saturday,MISC,JJ,STYLE,BECKY,1,60.0,Saturday,morning,0,0,60,1,1,0,0,0,0,0,7,0
1320,Thursday,STYLE,JJ,COLOR,JOANNE,2,50.0,Friday,evening,0,0,450,7,5,2,2,2,3,0,13,0
1321,Thursday,COLOR,JOANNE,COLOR,JOANNE,2,50.0,Friday,evening,0,0,450,7,5,2,2,2,3,0,13,2
1327,Friday,STYLE,JJ,COLOR,JOANNE,2,50.0,Tuesday,afternoon,0,0,722,14,9,5,4,5,3,0,24,1
1328,Friday,COLOR,JOANNE,COLOR,JOANNE,2,50.0,Tuesday,afternoon,0,0,722,14,9,5,4,5,3,0,24,1
1330,Wednesday,STYLE,KELLY,STYLE,BECKY,1,30.0,Thursday,afternoon,0,0,30,1,1,0,0,0,0,0,6,2
1331,Thursday,STYLE,JJ,STYLE,KELLY,1,55.0,Wednesday,morning,0,0,85,2,2,0,0,0,0,0,8,2
1332,Tuesday,STYLE,JJ,STYLE,JJ,1,248.25,Thursday,morning,0,1,167,3,3,0,1,0,0,0,12,2
1337,Saturday,STYLE,SINEAD,STYLE,SINEAD,1,0.0,Wednesday,afternoon,1,0,0,1,1,0,0,0,1,0,45,2
1339,Saturday,STYLE,SINEAD,STYLE,SINEAD,1,100.73,Saturday,morning,0,1,70,1,1,0,1,0,0,0,14,2
1340,Saturday,COLOR,JOANNE,STYLE,SINEAD,1,50.0,Saturday,morning,0,0,120,2,2,0,1,0,0,0,35,0
1341,Wednesday,STYLE,JJ,COLOR,JOANNE,1,70.0,Saturday,afternoon,0,0,190,3,2,1,1,0,0,0,32,0
1345,Tuesday,STYLE,JJ,STYLE,JJ,1,40.0,Thursday,evening,0,0,40,1,1,0,0,0,0,0,33,1
1346,Tuesday,STYLE,JJ,STYLE,JJ,1,60.0,Tuesday,evening,0,0,100,2,2,0,0,0,0,0,35,1
1347,Tuesday,STYLE,JJ,STYLE,JJ,1,60.0,Tuesday,evening,0,0,160,3,3,0,0,0,0,0,35,1
1351,Friday,STYLE,JJ,COLOR,JJ,2,40.0,Friday,afternoon,0,1,40,2,1,1,1,0,0,0,28,2
1352,Friday,COLOR,JJ,COLOR,JJ,2,40.0,Friday,afternoon,0,1,40,2,1,1,1,0,0,0,28,0
1354,Friday,STYLE,KELLY,STYLE,KELLY,1,35.0,Tuesday,evening,0,0,35,1,1,0,0,0,0,0,66,1
1357,Thursday,STYLE,KELLY,STYLE,BECKY,1,30.0,Thursday,afternoon,0,0,30,1,1,0,0,0,0,0,14,0
1358,Thursday,STYLE,BECKY,STYLE,KELLY,1,55.0,Thursday,afternoon,0,0,85,2,2,0,0,0,0,0,35,0
1359,Friday,STYLE,BECKY,STYLE,BECKY,1,80.0,Thursday,afternoon,0,0,165,3,3,0,0,0,0,0,8,0
1361,Wednesday,STYLE,SINEAD,STYLE,SINEAD,1,35.0,Wednesday,evening,0,0,35,1,1,0,0,0,0,0,42,1
1362,Friday,STYLE,BECKY,STYLE,SINEAD,1,55.0,Wednesday,evening,0,0,90,2,2,0,0,0,0,0,51,1
1364,Wednesday,STYLE,JJ,STYLE,JJ,1,40.0,Wednesday,evening,0,0,40,1,1,0,0,0,0,0,21,1
1365,Wednesday,STYLE,JJ,STYLE,JJ,1,60.0,Wednesday,evening,0,0,100,2,2,0,0,0,0,0,21,1
1366,Wednesday,STYLE,JJ,STYLE,JJ,1,60.0,Wednesday,evening,0,0,160,3,3,0,0,0,0,0,21,1
1372,Friday,STYLE,BECKY,STYLE,KELLY,1,35.0,Thursday,afternoon,0,0,35,1,1,0,0,0,0,0,15,0
1374,Wednesday,COLOR,JOANNE,STYLE,JJ,1,51.0,Thursday,afternoon,0,0,51,1,1,0,0,0,0,0,55,0
1377,Tuesday,STYLE,JJ,MISC,JJ,1,0.0,Tuesday,morning,0,0,0,1,0,0,0,0,0,0,49,1
1378,Tuesday,COLOR,JOANNE,MISC,JJ,1,0.0,Tuesday,morning,0,0,0,1,0,0,0,0,0,0,49,0
1379,Friday,STYLE,JJ,COLOR,JOANNE,2,287.0,Tuesday,afternoon,0,1,222,3,1,1,2,0,0,0,3,0
1383,Wednesday,STYLE,KELLY,STYLE,KELLY,1,35.0,Saturday,afternoon,0,0,35,1,1,0,0,0,0,0,60,2
1386,Friday,MISC,JJ,STYLE,JJ,1,82.0,Thursday,afternoon,0,0,82,1,1,0,0,0,0,0,43,0
1387,Tuesday,STYLE,JJ,MISC,JJ,1,0.0,Friday,afternoon,0,0,82,2,1,0,0,0,0,0,25,0
1388,Saturday,MISC,JJ,STYLE,JJ,1,102.0,Tuesday,afternoon,0,0,184,3,2,0,0,0,0,0,18,2
1392,Friday,STYLE,JJ,STYLE,SINEAD,1,70.0,Wednesday,afternoon,0,0,70,1,1,0,0,0,0,0,23,1
1393,Friday,STYLE,BECKY,STYLE,JJ,1,52.0,Friday,evening,0,0,122,2,2,0,0,0,0,0,7,0
1395,Thursday,STYLE,BECKY,STYLE,BECKY,1,30.0,Friday,morning,0,0,30,1,1,0,0,0,0,0,34,0
1400,Wednesday,STYLE,SINEAD,STYLE,SINEAD,1,70.0,Saturday,morning,0,0,70,1,1,0,0,0,0,0,32,2
1401,Tuesday,STYLE,BECKY,STYLE,SINEAD,1,90.0,Wednesday,morning,0,0,160,2,2,0,0,0,0,0,27,0
1402,Tuesday,STYLE,KELLY,STYLE,BECKY,1,80.0,Tuesday,afternoon,0,0,240,3,3,0,0,0,0,0,7,0
1403,Tuesday,STYLE,BECKY,STYLE,KELLY,1,55.0,Tuesday,afternoon,0,0,295,4,4,0,0,0,0,0,14,0
1407,Tuesday,STYLE,BECKY,STYLE,BECKY,1,62.0,Thursday,morning,0,1,30,1,1,0,1,0,0,0,26,1
1408,Sunday,STYLE,BECKY,STYLE,BECKY,1,50.0,Tuesday,evening,0,0,80,2,2,0,1,0,0,1,12,1
1415,Friday,COLOR,JOANNE,COLOR,JOANNE,1,140.0,Friday,morning,0,0,140,1,0,1,0,0,0,0,28,0
1416,Friday,STYLE,KELLY,COLOR,JOANNE,1,70.0,Friday,afternoon,0,0,210,2,0,2,0,0,0,0,35,0
1417,Friday,COLOR,JOANNE,COLOR,JOANNE,1,70.0,Friday,afternoon,0,0,210,2,0,2,0,0,0,0,35,0
1420,Saturday,STYLE,SINEAD,STYLE,SINEAD,2,50.0,Thursday,morning,0,1,50,2,2,0,2,0,0,0,2,2
1421,Wednesday,STYLE,SINEAD,STYLE,SINEAD,1,50.0,Saturday,morning,0,0,100,3,3,0,2,0,0,0,4,0
1422,Thursday,MISC,JOANNE,STYLE,SINEAD,1,50.0,Wednesday,afternoon,0,0,150,4,4,0,2,0,0,0,8,2
1427,Wednesday,MISC,SINEAD,COLOR,JOANNE,2,250.0,Tuesday,morning,0,1,400,9,6,2,4,2,1,1,1,0
1428,Saturday,STYLE,SINEAD,MISC,SINEAD,1,25.0,Wednesday,afternoon,1,0,425,10,6,2,4,2,2,0,10,2
1429,Saturday,STYLE,SINEAD,STYLE,SINEAD,1,80.73,Saturday,morning,0,1,475,11,7,2,5,2,2,0,7,2
1430,Saturday,STYLE,SINEAD,STYLE,SINEAD,1,80.73,Saturday,morning,0,1,475,11,7,2,5,2,2,0,7,2
1442,Saturday,STYLE,JJ,STYLE,JJ,1,40.0,Saturday,afternoon,0,0,40,1,1,0,0,0,0,0,70,0
1447,Tuesday,STYLE,BECKY,STYLE,BECKY,1,60.0,Tuesday,evening,0,0,60,1,1,0,0,0,0,0,42,1
1448,Tuesday,STYLE,BECKY,STYLE,BECKY,1,80.0,Tuesday,evening,0,0,140,2,2,0,0,0,0,0,35,1
1451,Thursday,MISC,JJ,STYLE,JJ,1,82.0,Thursday,morning,0,0,82,1,1,0,0,0,0,0,7,1
1459,Saturday,COLOR,JOANNE,COLOR,JOANNE,2,152.0,Saturday,morning,0,1,152,2,1,1,2,0,0,0,56,2
1463,Thursday,STYLE,JJ,COLOR,KELLY,2,172.0,Wednesday,morning,0,1,172,2,1,1,2,0,0,0,43,1
1464,Thursday,COLOR,JOANNE,COLOR,KELLY,2,172.0,Wednesday,morning,0,1,172,2,1,1,2,0,0,0,43,0
1465,Wednesday,STYLE,JJ,COLOR,JOANNE,2,242.0,Thursday,afternoon,0,1,414,4,2,2,4,0,0,0,62,2
1466,Wednesday,COLOR,JOANNE,COLOR,JOANNE,2,242.0,Thursday,afternoon,0,1,414,4,2,2,4,0,0,0,62,2
1470,Saturday,STYLE,JJ,COLOR,JJ,2,102.0,Saturday,morning,0,1,102,2,1,1,1,0,0,0,28,2
1471,Saturday,COLOR,JOANNE,COLOR,JJ,2,102.0,Saturday,morning,0,1,102,2,1,1,1,0,0,0,28,2
1472,Thursday,STYLE,JJ,COLOR,JOANNE,2,155.45,Saturday,morning,0,1,239,4,2,2,3,0,0,0,33,1
1473,Thursday,COLOR,JOANNE,COLOR,JOANNE,2,155.45,Saturday,morning,0,1,239,4,2,2,3,0,0,0,33,1
1474,Friday,STYLE,JJ,COLOR,JOANNE,2,187.0,Thursday,evening,0,1,426,6,3,3,5,0,0,0,29,1
1475,Friday,COLOR,JOANNE,COLOR,JOANNE,2,187.0,Thursday,evening,0,1,426,6,3,3,5,0,0,0,29,1
1482,Tuesday,STYLE,JJ,STYLE,JJ,1,60.0,Wednesday,afternoon,0,0,100,3,2,1,0,1,1,0,34,0
1483,Saturday,STYLE,JJ,STYLE,JJ,1,60.0,Tuesday,afternoon,0,0,160,4,3,1,0,1,1,0,32,2
1485,Tuesday,STYLE,JJ,STYLE,JJ,1,306.1,Sunday,afternoon,0,1,82,1,1,0,1,0,0,0,23,0
1486,Tuesday,COLOR,JOANNE,STYLE,JJ,1,306.1,Sunday,afternoon,0,1,82,1,1,0,1,0,0,0,23,0
1487,Friday,STYLE,JJ,COLOR,JOANNE,2,192.0,Tuesday,afternoon,0,1,274,3,2,1,3,0,0,0,24,2
1488,Friday,STYLE,JJ,STYLE,JJ,1,102.0,Friday,morning,0,0,376,4,3,1,3,0,0,0,35,0
1489,Friday,COLOR,JOANNE,STYLE,JJ,1,102.0,Friday,morning,0,0,376,4,3,1,3,0,0,0,35,0
1490,Saturday,MISC,JOANNE,COLOR,JOANNE,2,259.55,Friday,afternoon,0,1,618,6,4,2,5,0,0,0,15,2
1492,Saturday,STYLE,SINEAD,STYLE,JJ,1,82.0,Sunday,afternoon,0,0,82,1,1,0,0,0,0,0,6,0
1493,Saturday,COLOR,JOANNE,STYLE,JJ,1,82.0,Sunday,afternoon,0,0,82,1,1,0,0,0,0,0,6,2
1494,Tuesday,STYLE,JJ,COLOR,JOANNE,2,135.0,Saturday,morning,0,1,217,3,2,1,2,0,0,0,66,0
1495,Tuesday,COLOR,JOANNE,COLOR,JOANNE,2,135.0,Saturday,morning,0,1,217,3,2,1,2,0,0,0,66,0
1502,Friday,STYLE,JJ,STYLE,JJ,1,206.5,Saturday,morning,0,1,82,1,1,0,1,0,0,0,76,0
1504,Friday,COLOR,JOANNE,COLOR,JOANNE,1,162.1,Friday,afternoon,0,1,100,1,0,1,1,0,0,0,42,0
1507,Saturday,STYLE,JJ,COLOR,JOANNE,1,199.4,Friday,afternoon,0,1,380,4,0,4,3,1,0,0,1,2
1511,Thursday,STYLE,BECKY,COLOR,KELLY,2,160.0,Wednesday,afternoon,0,1,160,2,1,1,2,0,0,1,15,0
1512,Thursday,COLOR,JJ,COLOR,KELLY,2,160.0,Wednesday,afternoon,0,1,160,2,1,1,2,0,0,1,15,0
1513,Wednesday,STYLE,JJ,COLOR,JJ,2,0.0,Thursday,afternoon,1,0,210,4,2,2,2,0,2,0,27,2
1514,Saturday,STYLE,JJ,STYLE,JJ,1,102.0,Wednesday,morning,0,0,312,5,3,2,2,0,2,0,31,2
1517,Thursday,STYLE,JJ,COLOR,JJ,2,0.0,Thursday,afternoon,1,0,0,2,1,1,0,0,2,0,21,0
1518,Tuesday,STYLE,JJ,STYLE,JJ,1,60.0,Thursday,afternoon,0,0,60,3,2,1,0,0,2,0,19,0
1519,Tuesday,COLOR,JJ,STYLE,JJ,1,60.0,Thursday,afternoon,0,0,60,3,2,1,0,0,2,0,19,0
1520,Tuesday,STYLE,JJ,COLOR,JJ,2,105.0,Tuesday,afternoon,0,1,165,5,3,2,2,0,2,0,21,2
1521,Tuesday,COLOR,JJ,COLOR,JJ,2,105.0,Tuesday,afternoon,0,1,165,5,3,2,2,0,2,0,21,2
1522,Tuesday,COLOR,JJ,COLOR,JJ,2,105.0,Tuesday,morning,0,1,270,7,4,3,4,0,2,0,14,0
1528,Thursday,COLOR,JJ,COLOR,JJ,2,105.0,Wednesday,afternoon,0,1,420,13,7,6,6,3,3,0,15,2
1529,Friday,STYLE,JJ,COLOR,JJ,1,45.0,Thursday,morning,0,0,465,14,7,7,6,3,3,0,22,0
1530,Friday,COLOR,JJ,COLOR,JJ,1,45.0,Thursday,morning,0,0,465,14,7,7,6,3,3,0,22,0
1532,Thursday,STYLE,JJ,STYLE,JJ,1,40.0,Thursday,afternoon,0,0,40,1,1,0,0,0,0,0,133,0
1536,Tuesday,STYLE,BECKY,COLOR,JOANNE,2,180.0,Friday,afternoon,0,1,180,2,1,1,2,0,0,0,39,1
1537,Tuesday,COLOR,JOANNE,COLOR,JOANNE,2,180.0,Friday,afternoon,0,1,180,2,1,1,2,0,0,0,39,1
1540,Wednesday,STYLE,JJ,STYLE,BECKY,1,60.0,Friday,morning,0,0,60,1,1,0,0,0,0,0,47,2
1541,Thursday,STYLE,BECKY,STYLE,JJ,1,90.0,Wednesday,morning,0,0,150,2,2,0,0,0,0,0,50,0
1545,Sunday,STYLE,BECKY,STYLE,BECKY,1,60.0,Saturday,morning,0,0,60,1,1,0,0,0,0,0,57,1
1546,Friday,STYLE,BECKY,STYLE,BECKY,1,80.0,Sunday,evening,0,0,140,2,2,0,0,0,0,0,47,1
1548,Thursday,STYLE,SINEAD,STYLE,SINEAD,1,35.0,Saturday,morning,0,0,35,1,1,0,0,0,0,0,26,1
1549,Thursday,STYLE,BECKY,STYLE,SINEAD,1,55.0,Thursday,evening,0,0,90,2,2,0,0,0,0,0,28,2
1550,Saturday,STYLE,BECKY,STYLE,BECKY,1,50.0,Thursday,morning,0,0,140,3,3,0,0,0,0,0,30,2
1559,Wednesday,STYLE,JJ,STYLE,JJ,1,40.0,Wednesday,evening,0,0,40,1,1,0,0,0,0,0,49,1
1563,Friday,MISC,BECKY,COLOR,KELLY,2,192.0,Thursday,afternoon,0,1,192,2,1,1,2,0,0,0,15,0
1564,Wednesday,STYLE,JJ,MISC,BECKY,1,0.0,Friday,afternoon,0,0,192,3,1,1,2,0,0,0,54,0
1565,Wednesday,COLOR,JOANNE,MISC,BECKY,1,0.0,Friday,afternoon,0,0,192,3,1,1,2,0,0,0,54,0
1569,Thursday,STYLE,BECKY,STYLE,BECKY,1,60.0,Tuesday,evening,0,0,60,1,1,0,0,0,0,0,37,2
1570,Tuesday,STYLE,BECKY,STYLE,BECKY,1,60.0,Thursday,morning,0,0,120,2,2,0,0,0,0,0,19,2
1571,Thursday,STYLE,BECKY,STYLE,BECKY,1,60.0,Tuesday,morning,0,0,180,3,3,0,0,0,0,0,23,2
1572,Thursday,STYLE,BECKY,STYLE,BECKY,1,60.0,Thursday,morning,0,0,240,4,4,0,0,0,0,0,21,2
1575,Thursday,STYLE,JJ,STYLE,JJ,1,82.0,Wednesday,morning,0,0,82,1,1,0,0,0,0,0,71,2
1577,Friday,STYLE,JJ,STYLE,JJ,1,281.2,Friday,morning,0,1,82,1,1,0,1,0,0,0,91,1
1580,Friday,STYLE,JJ,STYLE,JJ,1,0.0,Tuesday,evening,1,0,0,1,1,0,0,0,1,0,52,1
1581,Tuesday,STYLE,JJ,STYLE,JJ,1,60.0,Friday,evening,0,0,60,2,2,0,0,0,1,0,32,1
1583,Tuesday,STYLE,KELLY,STYLE,KELLY,1,30.0,Wednesday,afternoon,0,0,30,1,1,0,0,0,0,0,48,1
1587,Friday,STYLE,HOUSE,STYLE,BECKY,1,30.0,Friday,morning,0,0,30,1,1,0,0,0,0,0,14,2
1588,Friday,STYLE,BECKY,STYLE,HOUSE,1,250.0,Friday,morning,0,0,280,2,2,0,0,0,0,1,7,2
1589,Friday,STYLE,BECKY,STYLE,BECKY,1,0.0,Friday,morning,1,0,330,3,3,0,0,0,1,1,7,2
1590,Friday,STYLE,BECKY,STYLE,BECKY,1,0.0,Friday,morning,1,0,380,4,4,0,0,0,2,0,7,2
1591,Friday,STYLE,BECKY,STYLE,BECKY,1,80.0,Friday,morning,0,0,460,5,5,0,0,0,2,1,7,2
1592,Friday,STYLE,BECKY,STYLE,BECKY,1,0.0,Friday,morning,1,0,510,6,6,0,0,0,3,1,7,2
1593,Friday,STYLE,BECKY,STYLE,BECKY,1,0.0,Friday,morning,1,0,560,7,7,0,0,0,4,1,14,2
1594,Friday,STYLE,HOUSE,STYLE,BECKY,1,0.0,Friday,morning,1,0,610,8,8,0,0,0,5,0,7,2
1596,Friday,STYLE,BECKY,STYLE,HOUSE,1,250.0,Friday,morning,0,0,860,9,9,0,0,0,5,1,7,2
1597,Friday,STYLE,BECKY,STYLE,BECKY,1,0.0,Friday,morning,1,0,960,11,11,0,0,1,6,1,7,2
1598,Friday,STYLE,BECKY,STYLE,BECKY,1,0.0,Friday,morning,1,0,1010,12,12,0,0,1,7,1,7,2
1604,Saturday,STYLE,BECKY,STYLE,BECKY,1,230.0,Tuesday,morning,0,0,230,1,1,0,0,0,0,1,11,2
1605,Tuesday,STYLE,BECKY,STYLE,BECKY,1,0.0,Saturday,morning,1,0,280,2,2,0,0,0,1,1,10,0
1606,Thursday,STYLE,BECKY,STYLE,BECKY,1,0.0,Tuesday,afternoon,1,0,330,3,3,0,0,0,2,1,9,2
1611,Saturday,STYLE,HOUSE,STYLE,BECKY,1,0.0,Saturday,afternoon,1,0,480,8,8,0,0,2,5,0,28,2
1612,Friday,STYLE,BECKY,STYLE,HOUSE,1,230.0,Saturday,morning,0,0,710,9,9,0,0,2,5,1,13,1
1615,Friday,STYLE,BECKY,STYLE,BECKY,1,80.0,Friday,morning,0,0,840,12,12,0,0,3,7,1,7,2
1617,Thursday,STYLE,BECKY,STYLE,BECKY,1,60.0,Sunday,afternoon,0,0,60,1,1,0,0,0,0,0,95,0
1619,Sunday,MISC,HOUSE,STYLE,JJ,1,40.0,Friday,afternoon,0,0,40,1,1,0,0,0,0,0,16,2
1620,Sunday,MISC,HOUSE,STYLE,JJ,1,40.0,Friday,afternoon,0,0,40,1,1,0,0,0,0,0,16,2
1621,Wednesday,STYLE,JJ,MISC,HOUSE,1,0.0,Sunday,morning,0,0,40,3,1,0,0,0,0,0,59,0
1623,Wednesday,STYLE,JJ,STYLE,JJ,1,40.0,Wednesday,afternoon,0,0,40,1,1,0,0,0,0,0,21,2
1624,Wednesday,STYLE,JJ,STYLE,JJ,1,93.2,Wednesday,morning,0,1,80,2,2,0,1,0,0,0,28,2
1625,Wednesday,STYLE,JJ,STYLE,JJ,1,60.0,Wednesday,morning,0,0,140,3,3,0,1,0,0,0,28,2
1626,Wednesday,STYLE,JJ,STYLE,JJ,1,60.0,Wednesday,morning,0,0,200,4,4,0,1,0,0,0,28,2
1629,Thursday,STYLE,SINEAD,STYLE,SINEAD,1,70.0,Thursday,evening,0,0,70,1,1,0,0,0,0,0,35,2
1630,Thursday,STYLE,BECKY,STYLE,SINEAD,1,90.0,Thursday,morning,0,0,160,2,2,0,0,0,0,0,56,2
1632,Thursday,STYLE,JJ,STYLE,JJ,1,40.0,Tuesday,morning,0,0,40,1,1,0,0,0,0,0,16,0
1634,Saturday,STYLE,JJ,COLOR,JOANNE,1,140.0,Saturday,morning,0,0,140,1,0,1,0,0,0,0,56,0
1635,Saturday,COLOR,JOANNE,COLOR,JOANNE,1,140.0,Saturday,morning,0,0,140,1,0,1,0,0,0,0,56,2
1641,Saturday,STYLE,JJ,COLOR,JOANNE,1,50.0,Saturday,afternoon,0,0,50,1,0,1,0,0,0,0,42,2
1642,Saturday,COLOR,JOANNE,COLOR,JOANNE,1,50.0,Saturday,afternoon,0,0,50,1,0,1,0,0,0,0,42,2
1645,Friday,STYLE,BECKY,STYLE,BECKY,1,30.0,Thursday,afternoon,0,0,30,1,1,0,0,0,0,0,43,0
1646,Sunday,STYLE,BECKY,STYLE,BECKY,1,50.0,Friday,afternoon,0,0,80,2,2,0,0,0,0,0,44,2
1648,Wednesday,STYLE,BECKY,STYLE,JJ,1,82.0,Wednesday,afternoon,0,0,82,1,1,0,0,0,0,0,49,0
1649,Wednesday,COLOR,JOANNE,STYLE,JJ,1,82.0,Wednesday,afternoon,0,0,82,1,1,0,0,0,0,0,49,2
1650,Saturday,STYLE,JJ,COLOR,JOANNE,2,230.0,Wednesday,morning,0,1,312,3,2,1,2,0,0,0,24,2
1656,Friday,STYLE,BECKY,STYLE,BECKY,1,30.0,Thursday,afternoon,0,0,30,1,1,0,0,0,0,0,50,2
1657,Friday,STYLE,BECKY,STYLE,BECKY,1,50.0,Friday,morning,0,0,80,2,2,0,0,0,0,0,49,1
1661,Wednesday,STYLE,JJ,STYLE,JJ,1,40.0,Friday,afternoon,0,0,40,1,1,0,0,0,0,0,103,0
1666,Tuesday,STYLE,BECKY,STYLE,BECKY,1,65.0,Thursday,evening,0,1,30,1,1,0,1,0,0,0,26,2
1672,Friday,STYLE,BECKY,STYLE,BECKY,1,30.0,Tuesday,morning,0,0,30,1,1,0,0,0,0,0,59,1
1676,Thursday,STYLE,JJ,STYLE,JJ,1,40.0,Tuesday,evening,0,0,40,1,1,0,0,0,0,0,51,2
1679,Saturday,STYLE,SINEAD,STYLE,BECKY,1,30.0,Saturday,morning,0,0,30,1,1,0,0,0,0,0,35,2
1680,Sunday,STYLE,BECKY,STYLE,SINEAD,1,55.0,Saturday,morning,0,0,85,2,2,0,0,0,0,0,36,2
1681,Saturday,MISC,JJ,STYLE,BECKY,1,50.0,Sunday,morning,0,0,135,3,3,0,0,0,0,0,20,2
1686,Thursday,STYLE,JJ,STYLE,JJ,1,40.0,Wednesday,morning,0,0,40,1,1,0,0,0,0,0,71,2
1690,Tuesday,COLOR,JOANNE,COLOR,JOANNE,1,197.8,Saturday,afternoon,0,1,160,1,0,1,1,0,0,0,45,0
1704,Saturday,STYLE,KELLY,MISC,KELLY,1,0.0,Tuesday,evening,0,0,0,1,0,0,0,0,0,0,11,0
1705,Saturday,COLOR,KELLY,MISC,KELLY,1,0.0,Tuesday,evening,0,0,0,1,0,0,0,0,0,0,11,2
1706,Saturday,COLOR,KELLY,MISC,KELLY,1,0.0,Tuesday,evening,0,0,0,1,0,0,0,0,0,0,11,0
1707,Saturday,MISC,KELLY,MISC,KELLY,1,0.0,Tuesday,evening,0,0,0,1,0,0,0,0,0,0,11,0
1716,Thursday,STYLE,JJ,STYLE,JJ,1,82.0,Thursday,afternoon,0,0,82,1,1,0,0,0,0,0,112,0
1720,Saturday,STYLE,JJ,STYLE,JJ,1,60.0,Tuesday,evening,0,0,100,3,3,0,0,1,1,1,46,0
1721,Tuesday,STYLE,JJ,STYLE,JJ,1,0.0,Saturday,afternoon,1,0,100,4,4,0,0,1,2,0,24,1
1727,Tuesday,COLOR,JOANNE,COLOR,JOANNE,1,160.0,Tuesday,morning,0,0,160,1,0,1,0,0,0,0,42,0
1737,Friday,STYLE,JJ,STYLE,JJ,1,40.0,Thursday,afternoon,0,0,40,1,1,0,0,0,0,0,29,0
1738,Thursday,STYLE,JJ,STYLE,JJ,1,60.0,Friday,afternoon,0,0,100,2,2,0,0,0,0,0,27,1
1739,Friday,STYLE,JJ,STYLE,JJ,1,60.0,Thursday,evening,0,0,160,3,3,0,0,0,0,0,36,2
1740,Friday,STYLE,JJ,STYLE,JJ,1,101.4,Friday,morning,0,1,220,4,4,0,1,0,0,0,21,2
1746,Friday,STYLE,JJ,STYLE,JJ,1,32.0,Tuesday,morning,0,0,32,1,1,0,0,0,0,0,38,2
1747,Friday,STYLE,JJ,STYLE,JJ,1,102.0,Friday,morning,0,0,134,2,2,0,0,0,0,0,70,0
1749,Tuesday,STYLE,JJ,STYLE,JJ,1,40.0,Friday,afternoon,0,0,40,1,1,0,0,0,0,0,60,2
1750,Tuesday,STYLE,JJ,STYLE,JJ,1,60.0,Tuesday,morning,0,0,100,2,2,0,0,0,0,0,42,2
1754,Tuesday,STYLE,TANYA,STYLE,JJ,1,32.0,Friday,evening,0,0,32,1,1,0,0,0,0,0,67,0
1756,Friday,STYLE,JJ,STYLE,JJ,1,110.8,Friday,evening,0,1,82,1,1,0,1,0,0,0,49,0
1758,Tuesday,COLOR,JOANNE,STYLE,JJ,1,82.0,Friday,morning,0,0,82,1,1,0,0,0,0,0,18,2
1772,Tuesday,STYLE,JJ,STYLE,JJ,1,40.0,Wednesday,afternoon,0,0,40,1,1,0,0,0,0,0,76,1
1774,Tuesday,COLOR,JOANNE,COLOR,JOANNE,1,130.0,Tuesday,afternoon,0,0,130,1,0,1,0,0,0,0,42,2
1779,Tuesday,STYLE,JJ,STYLE,JJ,1,40.0,Wednesday,evening,0,0,40,1,1,0,0,0,0,0,48,0
1783,Thursday,STYLE,JJ,STYLE,JJ,1,40.0,Thursday,evening,0,0,40,1,1,0,0,0,0,0,42,0
1787,Saturday,STYLE,KELLY,COLOR,JOANNE,2,214.1,Saturday,afternoon,0,1,152,2,1,1,2,0,0,0,42,2
1788,Saturday,COLOR,JOANNE,COLOR,JOANNE,2,214.1,Saturday,afternoon,0,1,152,2,1,1,2,0,0,0,42,2
1802,Thursday,STYLE,JJ,STYLE,JJ,1,32.0,Wednesday,morning,0,0,32,1,1,0,0,0,0,0,8,0
1804,Wednesday,MISC,JJ,STYLE,JJ,1,82.0,Wednesday,evening,0,0,82,1,1,0,0,0,0,0,42,0
1806,Tuesday,STYLE,KELLY,STYLE,KELLY,1,35.0,Wednesday,evening,0,0,35,1,1,0,0,0,0,0,20,0
1807,Thursday,STYLE,KELLY,STYLE,KELLY,1,55.0,Tuesday,afternoon,0,0,90,2,2,0,0,0,0,0,30,1
1809,Wednesday,STYLE,JJ,STYLE,JJ,1,82.0,Thursday,morning,0,0,82,1,1,0,0,0,0,0,76,0
1815,Thursday,STYLE,BECKY,STYLE,SINEAD,1,70.0,Thursday,morning,0,0,70,1,1,0,0,0,0,0,42,2
1822,Friday,STYLE,BECKY,STYLE,BECKY,1,94.15,Saturday,afternoon,0,1,60,1,1,0,1,0,0,0,83,1
1825,Friday,STYLE,JJ,STYLE,JJ,1,82.0,Friday,morning,0,0,82,1,1,0,0,0,0,0,28,0
1826,Tuesday,STYLE,JJ,STYLE,JJ,1,52.0,Friday,afternoon,0,0,134,2,2,0,0,0,0,0,32,2
1827,Friday,STYLE,JJ,STYLE,JJ,1,102.0,Tuesday,morning,0,0,236,3,3,0,0,0,0,0,24,0
1828,Tuesday,STYLE,JJ,STYLE,JJ,1,52.0,Friday,afternoon,0,0,288,4,4,0,0,0,0,0,25,2
1831,Wednesday,STYLE,JJ,STYLE,BECKY,1,30.0,Friday,evening,0,0,30,1,1,0,0,0,0,0,33,1
1837,Thursday,MISC,JJ,STYLE,JJ,1,40.0,Wednesday,afternoon,0,0,40,1,1,0,0,0,0,0,22,1
1839,Tuesday,STYLE,JJ,STYLE,JJ,1,82.0,Tuesday,afternoon,0,0,82,1,1,0,0,0,0,0,42,1
1840,Tuesday,STYLE,JJ,STYLE,JJ,1,102.0,Tuesday,evening,0,0,184,2,2,0,0,0,0,0,42,0
1844,Tuesday,STYLE,JJ,STYLE,JJ,1,30.0,Saturday,afternoon,0,0,30,1,1,0,0,0,0,1,10,1
1847,Wednesday,STYLE,JJ,STYLE,JJ,1,40.0,Wednesday,morning,0,0,40,1,1,0,0,0,0,0,28,0
1851,Friday,STYLE,JJ,COLOR,JOANNE,2,152.0,Tuesday,morning,0,1,152,3,2,1,2,1,0,0,24,0
1852,Friday,STYLE,JJ,STYLE,JJ,1,52.0,Friday,afternoon,0,0,204,4,3,1,2,1,0,0,7,0
1853,Friday,COLOR,JOANNE,STYLE,JJ,1,52.0,Friday,afternoon,0,0,204,4,3,1,2,1,0,0,7,2
1854,Thursday,STYLE,JJ,COLOR,JOANNE,2,172.0,Friday,morning,0,1,376,6,4,2,4,1,0,0,27,0
1855,Thursday,COLOR,JOANNE,COLOR,JOANNE,2,172.0,Friday,morning,0,1,376,6,4,2,4,1,0,0,27,2
1866,Sunday,STYLE,HOUSE,STYLE,JJ,1,32.0,Tuesday,morning,0,0,32,1,1,0,0,0,0,0,19,2
1867,Saturday,STYLE,JJ,STYLE,HOUSE,1,260.0,Sunday,morning,0,0,292,2,2,0,0,0,0,1,6,2
1868,Saturday,STYLE,JJ,STYLE,JJ,1,0.0,Saturday,morning,1,0,344,3,3,0,0,0,1,1,7,2
1869,Saturday,STYLE,JJ,STYLE,JJ,1,0.0,Saturday,morning,1,0,396,4,4,0,0,0,2,1,14,2
1870,Tuesday,STYLE,JJ,STYLE,JJ,1,0.0,Saturday,morning,1,0,448,5,5,0,0,0,3,1,3,2
1871,Saturday,STYLE,JJ,STYLE,JJ,1,0.0,Tuesday,morning,1,0,500,6,6,0,0,0,4,0,4,0
1872,Sunday,STYLE,JJ,STYLE,JJ,1,52.0,Saturday,afternoon,0,0,552,7,7,0,0,0,4,0,8,0
1873,Thursday,STYLE,HOUSE,STYLE,JJ,1,102.0,Sunday,afternoon,0,0,654,8,8,0,0,0,4,0,11,0
1874,Tuesday,STYLE,JJ,STYLE,HOUSE,1,260.0,Thursday,afternoon,0,0,914,9,9,0,0,0,4,1,19,2
1875,Saturday,STYLE,JJ,STYLE,JJ,1,0.0,Tuesday,morning,1,0,966,10,10,0,0,0,5,0,4,1
1876,Saturday,COLOR,JOANNE,STYLE,JJ,1,0.0,Tuesday,morning,1,0,966,10,10,0,0,0,5,0,4,0
1877,Wednesday,STYLE,JJ,COLOR,JOANNE,2,50.0,Saturday,afternoon,0,0,1068,12,11,1,0,0,5,1,4,1
1878,Sunday,STYLE,JJ,STYLE,JJ,1,0.0,Wednesday,evening,1,0,1120,13,12,1,0,0,6,1,4,1
1880,Saturday,STYLE,JJ,STYLE,JJ,1,0.0,Sunday,evening,1,0,1172,14,13,1,0,0,7,1,6,0
1881,Sunday,STYLE,JJ,STYLE,JJ,1,0.0,Saturday,afternoon,1,0,1276,16,15,1,0,1,8,1,8,1
1884,Friday,STYLE,JJ,COLOR,KELLY,2,147.0,Wednesday,morning,0,1,147,2,1,1,2,0,0,0,44,0
1885,Friday,COLOR,JOANNE,COLOR,KELLY,2,147.0,Wednesday,morning,0,1,147,2,1,1,2,0,0,0,44,0
1886,Wednesday,STYLE,JJ,COLOR,JOANNE,2,172.0,Friday,afternoon,0,1,319,4,2,2,4,0,0,0,40,2
1887,Wednesday,COLOR,JOANNE,COLOR,JOANNE,2,172.0,Friday,afternoon,0,1,319,4,2,2,4,0,0,0,40,2
1889,Thursday,STYLE,BECKY,STYLE,JJ,1,82.0,Thursday,evening,0,0,82,1,1,0,0,0,0,0,14,0
1890,Thursday,STYLE,JJ,STYLE,BECKY,1,50.0,Thursday,afternoon,0,0,132,2,2,0,0,0,0,0,21,1
1891,Friday,STYLE,JJ,STYLE,JJ,1,52.0,Thursday,evening,0,0,184,3,3,0,0,0,0,0,15,1
1897,Saturday,STYLE,SINEAD,STYLE,JJ,1,32.0,Saturday,afternoon,0,0,32,1,1,0,0,0,0,0,14,0
1898,Tuesday,STYLE,SINEAD,STYLE,SINEAD,1,50.0,Saturday,afternoon,0,0,82,2,2,0,0,0,0,0,17,1
1899,Tuesday,STYLE,SINEAD,STYLE,SINEAD,1,90.0,Tuesday,evening,0,0,172,3,3,0,0,0,0,0,7,1
1900,Tuesday,COLOR,JOANNE,STYLE,SINEAD,1,90.0,Tuesday,evening,0,0,172,3,3,0,0,0,0,0,7,1
1901,Saturday,STYLE,JJ,COLOR,JOANNE,2,120.0,Tuesday,evening,0,1,292,5,4,1,2,0,0,0,4,1
1902,Saturday,STYLE,SINEAD,STYLE,JJ,1,82.0,Saturday,evening,0,1,344,6,5,1,3,0,0,0,7,0
1903,Thursday,STYLE,JJ,STYLE,SINEAD,1,50.0,Saturday,afternoon,0,0,394,7,6,1,3,0,0,0,5,1
1904,Thursday,COLOR,JOANNE,STYLE,SINEAD,1,50.0,Saturday,afternoon,0,0,394,7,6,1,3,0,0,0,5,1
1905,Sunday,STYLE,BECKY,COLOR,JOANNE,2,192.0,Thursday,evening,0,1,586,9,7,2,5,0,0,0,10,1
1910,Saturday,STYLE,BECKY,COLOR,JOANNE,2,122.0,Saturday,afternoon,0,1,758,14,10,4,7,2,0,0,7,0
1911,Tuesday,STYLE,JJ,STYLE,BECKY,1,50.0,Saturday,afternoon,0,0,808,15,11,4,7,2,0,0,10,1
1912,Tuesday,COLOR,JOANNE,STYLE,BECKY,1,50.0,Saturday,afternoon,0,0,808,15,11,4,7,2,0,0,10,1
1913,Wednesday,MISC,JOANNE,COLOR,JOANNE,2,122.0,Tuesday,evening,0,1,930,17,12,5,9,2,0,1,15,1
1914,Wednesday,MISC,JJ,COLOR,JOANNE,2,122.0,Tuesday,evening,0,1,930,17,12,5,9,2,0,1,15,1
1918,Tuesday,STYLE,BECKY,STYLE,SINEAD,1,35.0,Wednesday,morning,0,0,35,1,1,0,0,0,0,0,41,0
1921,Friday,STYLE,JJ,STYLE,JJ,1,32.0,Saturday,morning,0,0,32,1,1,0,0,0,0,0,20,0
1922,Thursday,COLOR,JOANNE,STYLE,JJ,1,102.0,Friday,afternoon,0,0,134,2,2,0,0,0,0,0,27,0
1925,Tuesday,COLOR,JOANNE,COLOR,JOANNE,1,50.0,Friday,afternoon,0,0,50,1,0,1,0,0,0,0,32,0
1930,Friday,STYLE,BECKY,STYLE,BECKY,1,30.0,Tuesday,morning,0,0,30,1,1,0,0,0,0,0,24,2
1931,Thursday,STYLE,BECKY,STYLE,BECKY,1,50.0,Friday,morning,0,0,80,2,2,0,0,0,0,0,20,2
1932,Tuesday,STYLE,BECKY,STYLE,BECKY,1,50.0,Thursday,morning,0,0,130,3,3,0,0,0,0,0,19,0
1933,Tuesday,STYLE,BECKY,STYLE,BECKY,1,50.0,Tuesday,afternoon,0,0,180,4,4,0,0,0,0,0,21,2
1934,Sunday,STYLE,BECKY,STYLE,BECKY,1,50.0,Tuesday,morning,0,0,230,5,5,0,0,0,0,0,19,0
1937,Thursday,STYLE,SINEAD,STYLE,SINEAD,1,70.0,Wednesday,evening,0,0,70,1,1,0,0,0,0,0,36,0
1938,Thursday,COLOR,JOANNE,STYLE,SINEAD,1,70.0,Wednesday,evening,0,0,70,1,1,0,0,0,0,0,36,0
1943,Friday,STYLE,JJ,STYLE,BECKY,1,30.0,Friday,afternoon,0,0,30,1,1,0,0,0,0,0,35,0
1944,Thursday,STYLE,JJ,STYLE,JJ,1,60.0,Friday,afternoon,0,0,90,2,2,0,0,0,0,0,34,0
1945,Friday,MISC,JJ,STYLE,JJ,1,60.0,Thursday,afternoon,0,0,150,3,3,0,0,0,0,0,15,2
1948,Tuesday,STYLE,BECKY,STYLE,BECKY,1,30.0,Thursday,afternoon,0,0,30,1,1,0,0,0,0,0,40,0
